-- INSERT QUERIES FOR ALL THE RELATIONS.

-- 1. Customers Table
INSERT INTO Customers(CustID, CustName, Type, ExpiryDate, Phone_No, Email) VALUES 
	('678b1dc92d', 'Aarav Sharma', True, '2025-12-15 14:30:00', '9876543210','aaravsharma@gmail.com'),
	('2a19d6d0c3', 'Siya Patel', False, NULL, '9123456789','siyapatel123@gmail.com'),
	('3d3a7a8167', 'Vivaan Singh', True, '2026-01-10 16:45:00', '9988776655','vivaansingh98@gmail.com'),
	('7feb66e536', 'Isha Kapoor', False, NULL, '9123344556','isha.kapoor25@gmail.com'),
	('30372f39eb', 'Arjun Mehta', True, '2025-06-30 12:00:00', '9876123456','arjunmehta21@gmail.com'),
	('ffd1cad733', 'Anujit Nair', False, NULL, '9876541230','anujitnair07@gmail.com'),
	('a5f8995311', 'Sanskar Kumar', True, '2026-08-12 17:20:00', '9098765432','sanscarstic@gmail.com'),
	('a73b82427d', 'Priya Reddy', False, NULL, '9123456780','priyareddy99@gmail.com'),
	('a0c7970754', 'Kabir Joshi', True, '2025-10-22 14:10:00', '9812345678','kabirjoshi123@gmail.com'),
	('43bab83f53', 'Jith Philip', False, NULL, '9001234567','jithp11@gmail.com'),
	('9d5f0ae752', 'Raj Malhotra', True, '2025-08-05 10:30:00', '9876543211','rajmalhotra76@gmail.com'),
	('10a3d8b006', 'Sara Kaur', False, NULL, '9123456790','sarakaur56@gmail.com'),
	('581be47d01', 'Mohan Gupta', True, '2026-07-15 13:30:00', '9988776654','mohangupta10@gmail.com'),
	('6e50f77200', 'Leena Desai', False, NULL, '9123344557','leenadesai04@gmail.com'),
	('8dc23eb0c3', 'Rohan Rao', True, '2025-02-28 15:50:00', '9876123455','rohanrao92@gmail.com'),
	('5d37efd4de', 'Nisha Aggarwal', False, NULL, '9876541229','nisha.aggarwal33@gmail.com'),
	('5957381d81', 'Jay Verma', True, '2026-09-23 18:10:00', '9098765431','jay.verma17@gmail.com'),
	('4868688e35', 'Simran Khanna', False, NULL, '9123456781','simrankhanna78@gmail.com'),
	('01ba15562f', 'Dhruv Jain', True, '2025-11-30 12:20:00', '9812345679','jdhruv@gmail.com'),
	('60a9f1ff18', 'Naman Gandhi', False, NULL, '9001234568','namangandhi45@gmail.com');
	
-- 2. Cities Table
INSERT INTO Cities(Pincode, City, State) VALUES
	(560034, 'Bangalore', 'Karnataka'),
	(560095, 'Bangalore', 'Karnataka'),
	(560038, 'Bangalore', 'Karnataka'),
	(560071, 'Bangalore', 'Karnataka'),
	(560066, 'Bangalore', 'Karnataka'),
	(560048, 'Bangalore', 'Karnataka'),
	(560041, 'Bangalore', 'Karnataka'),
	(560082, 'Bangalore', 'Karnataka'),
	(560080, 'Bangalore', 'Karnataka'),
	(560003, 'Bangalore', 'Karnataka'),
	(560055, 'Bangalore', 'Karnataka'),
	(560102, 'Bangalore', 'Karnataka'),
	(560024, 'Bangalore', 'Karnataka'),
	(560025, 'Bangalore', 'Karnataka'),
	(560001, 'Bangalore', 'Karnataka'),
	(400001, 'Mumbai', 'Maharashtra'),
	(400005, 'Mumbai', 'Maharashtra'),
	(400050, 'Mumbai', 'Maharashtra'),
	(400051, 'Mumbai', 'Maharashtra'),
	(400049, 'Mumbai', 'Maharashtra'),
	(400018, 'Mumbai', 'Maharashtra'),
	(400013, 'Mumbai', 'Maharashtra'),
	(400006, 'Mumbai', 'Maharashtra'),
	(400076, 'Mumbai', 'Maharashtra'),
	(400053, 'Mumbai', 'Maharashtra'),
	(400058, 'Mumbai', 'Maharashtra'),
	(400061, 'Mumbai', 'Maharashtra'),
	(400020, 'Mumbai', 'Maharashtra'),
	(400026, 'Mumbai', 'Maharashtra'),
	(500001, 'Hyderabad', 'Telangana'),
	(500002, 'Hyderabad', 'Telangana'),
	(500003, 'Hyderabad', 'Telangana'),
	(500004, 'Hyderabad', 'Telangana'),
	(500005, 'Hyderabad', 'Telangana'),
	(500006, 'Hyderabad', 'Telangana'),
	(500007, 'Hyderabad', 'Telangana'),
	(500008, 'Hyderabad', 'Telangana'),
	(500009, 'Hyderabad', 'Telangana'),
	(500010, 'Hyderabad', 'Telangana'),
	(500011, 'Hyderabad', 'Telangana'),
	(500012, 'Hyderabad', 'Telangana'),
	(500013, 'Hyderabad', 'Telangana'),
	(500014, 'Hyderabad', 'Telangana'),
	(500015, 'Hyderabad', 'Telangana'),
	(395001, 'Surat', 'Gujarat'),
	(395002, 'Surat', 'Gujarat'),
	(395003, 'Surat', 'Gujarat'),
	(395004, 'Surat', 'Gujarat'),
	(395005, 'Surat', 'Gujarat'),
	(395006, 'Surat', 'Gujarat'),
	(395007, 'Surat', 'Gujarat'),
	(395008, 'Surat', 'Gujarat'),
	(395009, 'Surat', 'Gujarat'),
	(395010, 'Surat', 'Gujarat'),
	(380001, 'Ahmedabad', 'Gujarat'),
	(380002, 'Ahmedabad', 'Gujarat'),
	(380003, 'Ahmedabad', 'Gujarat'),
	(380004, 'Ahmedabad', 'Gujarat'),
	(380005, 'Ahmedabad', 'Gujarat'),
	(380006, 'Ahmedabad', 'Gujarat'),
	(380007, 'Ahmedabad', 'Gujarat'),
	(380008, 'Ahmedabad', 'Gujarat'),
	(380009, 'Ahmedabad', 'Gujarat'),
	(380010, 'Ahmedabad', 'Gujarat'),
	(390001, 'Vadodara', 'Gujarat'),
	(390002, 'Vadodara', 'Gujarat'),
	(390003, 'Vadodara', 'Gujarat'),
	(390004, 'Vadodara', 'Gujarat'),
	(390005, 'Vadodara', 'Gujarat'),
	(390006, 'Vadodara', 'Gujarat'),
	(390007, 'Vadodara', 'Gujarat'),
	(390008, 'Vadodara', 'Gujarat'),
	(390009, 'Vadodara', 'Gujarat'),
	(390010, 'Vadodara', 'Gujarat'),
	(110001, 'Delhi', 'Delhi'),
	(110002, 'Delhi', 'Delhi'),
	(110003, 'Delhi', 'Delhi'),
	(110004, 'Delhi', 'Delhi'),
	(110005, 'Delhi', 'Delhi'),
	(110006, 'Delhi', 'Delhi'),
	(110007, 'Delhi', 'Delhi'),
	(110008, 'Delhi', 'Delhi'),
	(110009, 'Delhi', 'Delhi'),
	(110010, 'Delhi', 'Delhi'),
	(342001, 'Jodhpur', 'Rajasthan'),
	(342003, 'Jodhpur', 'Rajasthan'),
	(342005, 'Jodhpur', 'Rajasthan'),
	(342006, 'Jodhpur', 'Rajasthan'),
	(342010, 'Jodhpur', 'Rajasthan'),
	(302001, 'Jaipur', 'Rajasthan'),
	(302002, 'Jaipur', 'Rajasthan'),
	(302003, 'Jaipur', 'Rajasthan'),
	(302004, 'Jaipur', 'Rajasthan'),
	(302005, 'Jaipur', 'Rajasthan'),
	(313001, 'Udaipur', 'Rajasthan'),
	(313002, 'Udaipur', 'Rajasthan'),
	(313003, 'Udaipur', 'Rajasthan'),
	(313004, 'Udaipur', 'Rajasthan'),
	(313005, 'Udaipur', 'Rajasthan'),
	(160001, 'Chandigarh', 'Chandigarh'),
	(160002, 'Chandigarh', 'Chandigarh'),
	(160003, 'Chandigarh', 'Chandigarh'),
	(160004, 'Chandigarh', 'Chandigarh'),
	(226001, 'Lucknow', 'Uttar Pradesh'),
	(226002, 'Lucknow', 'Uttar Pradesh'),
	(226010, 'Lucknow', 'Uttar Pradesh'),
	(226020, 'Lucknow', 'Uttar Pradesh'),
	(403001, 'Goa', 'Goa'),
	(403002, 'Goa', 'Goa'),
	(403003, 'Goa', 'Goa'),
	(403004, 'Goa', 'Goa'),
	(682001, 'Ernakulam', 'Kerala'),
	(682002, 'Ernakulam', 'Kerala'),
	(682003, 'Ernakulam', 'Kerala'),
	(411001, 'Pune', 'Maharashtra'),
	(411002, 'Pune', 'Maharashtra'),
	(411003, 'Pune', 'Maharashtra'),
	(411004, 'Pune', 'Maharashtra'),
	(411005, 'Pune', 'Maharashtra');

-- 3. CustAddress Table
INSERT INTO CustAddress(CustID, AddressId, Pincode, FlatNo, Landmark, Category) VALUES 
	('678b1dc92d', 'KABL343260', 560034, 'Flat 102, Palm Grove', 'Near Indiranagar Metro','Home'),
	('678b1dc92d', 'KABL786694', 560095, 'Office 25B, Tech Towers', 'Opposite Manyata Tech Park','Work'),
	('2a19d6d0c3', 'MHMB822854', 400001, '101, Seaside Apartments', 'Near Gateway of India','Home'),
	('2a19d6d0c3', 'MHMB68818', 400005, 'Suite 15C, South Bay', 'Near Colaba Market','Friends & Family'),
	('3d3a7a8167', 'TGHY722944', 500001, 'House 23, Banjara Hills', 'Near L V Prasad Eye Institute','Home'),
	('3d3a7a8167', 'TGHY725270', 500004, 'Flat 202, Downtown Plaza', 'Near Charminar','Other'),
	('7feb66e536', 'GJSU462026', 395001, 'House 44, Gaurav Path', 'Opposite Citylight','Home'),
	('7feb66e536', 'GJSU452669', 395003, 'Office 302, Empire State', 'Near Dumas Road','Work'),
	('30372f39eb', 'GJAD35795', 380001, 'House 11, Ashram Road', 'Near Sabarmati Ashram','Friends & Family'),
	('30372f39eb', 'GJAD840151', 380003, 'Suite 12, Blue Square', 'Near Navrangpura','Home'),
	('ffd1cad733', 'GJVD411919', 390001, 'Bungalow 3, Akota', 'Near Baroda High School','Home'),
	('ffd1cad733', 'GJVD877021', 390004, 'Flat 5A, Empire Estate', 'Near Sayaji Garden','Work'),
	('a5f8995311', 'DLDL569549', 110001, 'Flat 104, Connaught Place', 'Near Central Park','Friends & Family'),
	('a5f8995311', 'DLDL428334', 110003, 'Office 301, Red Fort Complex', 'Near Red Fort','Work'),
	('a73b82427d', 'RJJD146753', 342001, 'Bungalow 21, Paota', 'Near Clock Tower','Home'),
	('a73b82427d', 'RJJD582670', 342003, 'Suite 10, Jodhpur Heights', 'Near Mehrangarh Fort','Work'),
	('a0c7970754', 'RJJP900243', 302001, 'Flat 9, Pink City Towers', 'Near Hawa Mahal','Home'),
	('a0c7970754', 'RJJP675124', 302003, 'Office 8, Amber Plaza', 'Near City Palace','Other'),
	('43bab83f53', 'CHCH916391', 160001, 'House 7, Sector 17', 'Near Rose Garden','Friends & Family'),
	('43bab83f53', 'CHCH279462', 160003, 'Flat 12C, Elante Hub', 'Near Elante Mall','Home'),
	('9d5f0ae752', 'UPLK820720', 226001, 'House 33, Alambagh', 'Near Charbagh Station','Home'),
	('9d5f0ae752', 'UPLK278938', 226002, 'Office 21, Lucknow Heights', 'Near Hazratganj','Work'),
	('10a3d8b006', 'GAGA92448', 403001, 'House 5, Panaji Heights', 'Near Miramar Beach','Home'),
	('10a3d8b006', 'GAGA468499', 403002, 'Suite 10, Calangute Plaza', 'Near Calangute Beach','Other'),
	('581be47d01', 'KLEK910242', 682001, 'Villa 2, Marine Drive', 'Near Kochi Port','Home'),
	('581be47d01', 'KLEK16692', 682002, 'Office 7, InfoPark', 'Near Kakkanad','Work'),
	('6e50f77200', 'MHPN726887', 411001, 'Flat 4A, Shivajinagar', 'Near Pune Station','Home'),
	('6e50f77200', 'MHPN831', 411002, 'Office 2, Koregaon Plaza', 'Near Koregaon Park','Work'),
	('8dc23eb0c3', 'RJJD456281', 342001, 'Villa 9, Umaid Bhawan', 'Near Palace Grounds','Friends & Family'),
	('8dc23eb0c3', 'RJJD558125', 342003, 'Office 6, Jodhpur Tower', 'Near Mehrangarh Fort','Work'),
	('5d37efd4de', 'RJJP327943', 302001, 'Apartment 5B, Pink Square', 'Near City Palace','Other'),
	('5d37efd4de', 'RJJP769169', 302002, 'Office 9, Amber Tower', 'Near Hawa Mahal','Work'),
	('5957381d81', 'CHCH640400', 160001, 'House 12, Chandigarh Lane', 'Near Rose Garden','Home'),
	('5957381d81', 'CHCH764087', 160004, 'Suite 8B, Elante Plaza', 'Near Industrial Area','Friends & Family'),
	('4868688e35', 'DLDL332392', 110005, 'House 14, Old Delhi Lane', 'Near Sadar Bazar','Home'),
	('4868688e35', 'DLDL40753', 110006, 'Office 2A, City Center', 'Near Kashmiri Gate','Work'),
	('01ba15562f', 'KABL875177', 560066, 'Flat 101, Whitefield Residence', 'Near Forum Mall','Friends & Family'),
	('01ba15562f', 'KABL521527', 560071, 'Suite 20A, IT Hub', 'Near Outer Ring Road','Work'),
	('60a9f1ff18', 'MHMB504961', 400076, 'Bungalow 8, Powai Heights', 'Near Powai Lake','Home'),
	('60a9f1ff18', 'MHMB52673', 400058, 'Office 12, Andheri Square', 'Near Andheri Station','Other');	

-- 4. Categories Table
INSERT INTO Categories(CategoryID, CatName) VALUES
	('CH547', 'Chicken, Meat & Fish'),
	('PE982', 'Pet Care'),
	('BA819', 'Baby Care'),
	('MA160', 'Magazines'),
	('SW155', 'Sweet Tooth'),
	('TE855', 'Tea, Coffee & Health Drinks'),
	('BE907', 'Beauty & Cosmetics'),
	('DA953', 'Dairy, Bread & Eggs'),
	('BR816', 'Breakfast & Instant Food'),
	('AT838', 'Atta, Rice & Dal'),
	('CL648', 'Cleaning Essentials'),
	('DI266', 'Digital Goods'),
	('PE520', 'Personal Care'),
	('OR662', 'Organic & Gourmet'),
	('PA269', 'Paan Corner'),
	('PH614', 'Pharma & Wellness'),
	('CO145', 'Cold Drinks & Juices'),
	('IC951', 'Ice Cream & Frozen Desserts'),
	('BA617', 'Bakery & Biscuits'),
	('SA956', 'Sauces & Spreads'),
	('MU495', 'Munchies'),
	('HO431', 'Home & Office'),
	('VE001', 'Vegetables & Fruits'),
	('MA791', 'Masala, Oil & More'),
	('TO916', 'Toys & Games'),
	('BO92', 'Books');

-- 5. SubCategories Table
INSERT INTO SubCategories(SubCategoryID,CategoryID, SubName) VALUES 
	('ECH20','CH547', 'Exotic Meat'),
	('FCH60','CH547', 'Fish & Seafood'),
	('PCH17','CH547', 'Poultry & Mutton'),
	('SCH54','CH547', 'Sausages & Processed Meats'),
	('PPE19','PE982', 'Pet Food'),
	('PPE40','PE982', 'Pet Grooming & Accessories'),
	('PPE69','PE982', 'Pet Health & Supplements'),
	('BBA51','BA819', 'Baby Diapers & Essentials'),
	('BBA95','BA819', 'Baby Feeding & Hygiene'),
	('BBA75','BA819', 'Baby Bathing & Skin Care'),
	('MBA21','BA819', 'Mom Care'),
	('BMA77','MA160', 'Business & Current Affairs Books'),
	('CMA46','MA160', 'Children’s Books'),
	('LMA65','MA160', 'Lifestyle & Hobby Books'),
	('AMA99','MA160', 'Architecture Books'),
	('DSW66','SW155', 'Desserts & Chocolates'),
	('CSW18','SW155', 'Candies & Gum'),
	('BSW83','SW155', 'Baked Goods'),
	('TTE28','TE855', 'Tea'),
	('CTE24','TE855', 'Coffee'),
	('HTE70','TE855', 'Health & Herbal Drinks'),
	('BBE17','BE907', 'Beauty & Makeup'),
	('HBE71','BE907', 'Hair Care'),
	('NBE13','BE907', 'Nail Care & Accessories'),
	('FBE81','BE907', 'Fragrance & Body Care'),
	('DDA41','DA953', 'Dairy Products'),
	('BDA97','DA953', 'Breakfast Essentials'),
	('EDA15','DA953', 'Eggs & Spreads'),
	('NDA67','DA953', 'Nut Butters & Spreads'),
	('FBR31','BR816', 'Frozen Snacks & Meals'),
	('RBR32','BR816', 'Ready-to-Eat Foods'),
	('RAT21','AT838', 'Rice & Pulses'),
	('FAT38','AT838', 'Flours & Grains'),
	('CCL57','CL648', 'Cleaning & Disinfectants'),
	('ACL33','CL648', 'Air & Car Fresheners'),
	('LCL54','CL648', 'Laundry Essentials'),
	('DCL54','CL648', 'Dishwashing Essentials'),
	('ADI97','DI266', 'Antivirus & Utilities'),
	('SPE62','PE520', 'Shampoo & Conditioner'),
	('BPE21','PE520', 'Body & Hair Moisturizers'),
	('PPE28','PE520', 'Personal & Grooming Kits'),
	('BPE54','PE520', 'Bathing Needs'),
	('OPE64','PE520', 'Oral & Feminine Care'),
	('MOR82','OR662', 'Mom & Baby Food'),
	('SOR11','OR662', 'Snacks & Munchies'),
	('HOR13','OR662', 'Healthy Proteins & Beverages'),
	('COR29','OR662', 'Cooking Essentials'),
	('FOR79','OR662', 'Fresh Vegetables & Fruits'),
	('COR20','OR662', 'Cookies & Wafers'),
	('FOR13','OR662', 'Frozen Foods'),
	('HPA38','PA269', 'Hookah & Tobacco Needs'),
	('HPH99','PH614', 'Healthcare Devices'),
	('NPH85','PH614', 'Nutrition Supplements'),
	('PPH46','PH614', 'Personal Massagers'),
	('SPH86','PH614', 'Sexual Wellness'),
	('SPH87','PH614', 'Smoking Cessation'),
	('JCO45','CO145', 'Juices & Smoothies'),
	('CCO42','CO145', 'Coconut & Specialty Waters'),
	('SCO39','CO145', 'Soft Drinks & Mixers'),
	('ICO82','CO145', 'Iced & Cold Drinks'),
	('FIC37','IC951', 'Frozen Desserts & Tubs'),
	('FIC42','IC951', 'Frozen Cakes & Rolls'),
	('SIC34','IC951', 'Specialty Ice Creams'),
	('CBA96','BA617', 'Cookies & Biscuits'),
	('BBA53','BA617', 'Breads & Muffins'),
	('BBA45','BA617', 'Baking Ingredients'),
	('CSA13','SA956', 'Cooking Sauces & Condiments'),
	('SSA56','SA956', 'Spreads & Pickles'),
	('ASA23','SA956', 'Asian & Specialty Sauces'),
	('SMU80','MU495', 'Snacks & Namkeen'),
	('HMU82','MU495', 'Healthy Snacks'),
	('GHO20','HO431', 'Games & Learning Toys'),
	('HHO65','HO431', 'Home Essentials'),
	('PHO19','HO431', 'Pooja Needs & Tissues'),
	('HHO47','HO431', 'Home Decor & Storage'),
	('AHO51','HO431', 'Appliances & Electronics'),
	('GVE43','VE001', 'Gardening Needs'),
	('FVE78','VE001', 'Fresh Herbs & Greens'),
	('FVE82','VE001', 'Frozen & Cut Veggies'),
	('PMA39','MA791', 'Powdered Masala & Spices'),
	('DMA52','MA791', 'Dry Fruits & Seeds'),
	('CMA66','MA791', 'Cooking Oils & Ghee'),
	('RTO44','TO916', 'Rattles & Baby Toys'),
	('MTO10','TO916', 'Musical & Light Toys'),
	('OTO13','TO916', 'Outdoor & Pool Toys'),
	('ETO67','TO916', 'Educational Toys'),
	('DTO46','TO916', 'Dolls & Play Sets'),
	('ATO26','TO916', 'Art & Craft Kits'),
	('RTO83','TO916', 'Remote Control Toys'),
	('TTO51','TO916', 'Toy Vehicles & Battle Toys'),
	('CTO36','TO916', 'Classic Board Games'),
	('ATO27','TO916', 'Action Figures & Novelty Toys'),
	('TBO44','BO92', 'Travel & Tourism Books'),
	('SBO98','BO92', 'Science & Technology Books'),
	('RBO24','BO92', 'Religion & Spiritual Books'),
	('PBO22','BO92', 'Political & Social Science Books'),
	('PBO12','BO92', 'Poetry & Literature Books'),
	('HBO40','BO92', 'Health & Fitness Books'),
	('CBO66','BO92', 'Cook Books'),
	('RBO95','BO92', 'Romance & Fiction Books'),
	('MBO12','BO92', 'Mystery & Thriller Books'),
	('SBO10','BO92', 'Self Help & Strategy Books'),
	('GBO37','BO92', 'Graphic Novels & Comics'),
	('CBO82','BO92', 'Classics & Memoirs'),
	('FBO29','BO92', 'Fantasy & Adventure Books');
		
-- 6. Products Table
INSERT INTO Products (ProdID, ProdName, SubCategoryID, Brand, Description, Price, Shelf_life, Size) VALUES 
	('LICIOU001', 'Goat Meat Curry Cuts', 'ECH20', 'Licious', 'Fresh goat meat cuts perfect for curries.', 799.99, '10 days', '500g'),
	('FRESHT001', 'Rabbit Meat Fillet', 'ECH20', 'FreshToHome', 'Tender rabbit meat, great for specialty dishes.', 899.99, '7 days', '500g'),
	('ZAPPFR001', 'Quail Meat Pack', 'ECH20', 'Zappfresh', 'Fresh quail meat with a rich, unique flavor.', 649.99, '5 days', '300g'),
	('FRESHT002', 'Fresh Salmon Fillet', 'FCH60', 'FreshToHome', 'Norwegian salmon fillet ideal for grilling or sushi.', 1299.99, '4 days', '250g'),
	('CAPTAI001', 'Prawns - Cleaned and Deveined', 'FCH60', 'CaptainFresh', 'Fresh prawns, cleaned and ready to cook.', 499.99, '3 days', '200g'),
	('FISHBA001', 'Surmai (King Fish) Slices', 'FCH60', 'FishBazaar', 'Premium quality surmai slices for curries or grills.', 799.99, '2 days', '500g'),
	('LICIOU002', 'Chicken Breast Fillet', 'PCH17', 'Licious', 'Boneless, skinless chicken breast for healthy meals.', 299.99, '5 days', '500g'),
	('ZAPPFR002', 'Organic Whole Chicken', 'PCH17', 'Zappfresh', 'Whole chicken sourced from organic farms.', 449.99, '4 days', '1kg'),
	('FRESHT003', 'Chicken Drumsticks', 'PCH17', 'FreshToHome', 'Tender chicken drumsticks, ideal for grilling.', 279.99, '5 days', '500g'),
	('ZAPPFR003', 'Mutton Curry Cuts', 'SCH54', 'Zappfresh', 'Tender mutton cuts, perfect for a rich curry.', 599.99, '4 days', '500g'),
	('LICIOU003', 'Mutton Keema', 'SCH54', 'Licious', 'Minced mutton perfect for kebabs and curries.', 649.99, '4 days', '500g'),
	('FRESHT004', 'Goat Meat Biryani Cuts', 'SCH54', 'FreshToHome', 'Special biryani cuts for flavorful biryani dishes.', 699.99, '5 days', '500g'),
	('PRASUM001', 'Chicken Sausages', 'PPE19', 'Prasuma', 'Juicy, flavorful chicken sausages for quick meals.', 199.99, '30 days', '250g'),
	('LAZIZ0001', 'Salami Slices', 'PPE19', 'Laziz', 'Thinly sliced chicken salami, perfect for sandwiches.', 149.99, '20 days', '200g'),
	('GODREJ001', 'Chicken Ham', 'PPE19', 'Godrej Yummiez', 'Premium quality chicken ham for delicious sandwiches.', 179.99, '25 days', '200g'),
	('PEDIGR001', 'Pedigree Chicken Dog Food', 'PPE40', 'Pedigree', 'Complete nutrition for adult dogs.', 349.99, '6 months', '3kg'),
	('DROOLS001', 'Drools Puppy Starter', 'PPE40', 'Drools', 'Balanced food for puppies with essential nutrients.', 499.99, '6 months', '1.5kg'),
	('PEDIGR002', 'Biscrok Dog Biscuits', 'PPE40', 'Pedigree', 'Crunchy biscuits for all dog breeds.', 149.99, '12 months', '500g'),
	('WHISKA001', 'Whiskas Tuna Cat Food', 'PPE69', 'Whiskas', 'Complete meal for adult cats with real tuna.', 299.99, '12 months', '1kg'),
	('MEO000001', 'Me-O Seafood Cat Food', 'PPE69', 'Me-O', 'Seafood flavor cat food for balanced nutrition.', 249.99, '12 months', '1.2kg'),
	('PUREPE001', 'Purepet Adult Cat Food', 'PPE69', 'Purepet', 'High-quality ingredients for a healthy adult cat.', 199.99, '12 months', '1kg'),
	('PETCAR001', 'Dog Grooming Kit', 'BBA51', 'PetCare', 'Complete grooming kit with brush and nail clipper.', 499.99, 'nan', '1 set'),
	('PAWSIN001', 'Cat Grooming Brush', 'BBA51', 'PawsIndia', 'Soft bristle brush to reduce shedding and matting.', 149.99, 'nan', '1 unit'),
	('HIMALA001', 'Pet Shampoo', 'BBA51', 'Himalaya', 'Gentle, hypoallergenic shampoo for dogs and cats.', 249.99, '24 months', '200ml'),
	('TEMPTA001', 'Temptations Cat Treats - Chicken', 'BBA95', 'Temptations', 'Crunchy treats with a soft center for cats.', 99.99, '12 months', '85g'),
	('WHISKA002', 'Whiskas Cat Treats - Salmon', 'BBA95', 'Whiskas', 'Salmon-flavored treats for cats.', 119.99, '12 months', '50g'),
	('MEO000002', 'Me-O Creamy Treats', 'BBA95', 'Me-O', 'Creamy, lickable treats for adult cats.', 89.99, '9 months', '60g'),
	('HEADSU001', 'Dog Leash and Collar Set', 'BBA75', 'Heads Up For Tails', 'Durable leash and collar set for dogs.', 299.99, 'nan', '1 set'),
	('PAWSIN002', 'Cat Litter Box', 'BBA75', 'PawsIndia', 'Compact litter box for indoor cats.', 599.99, 'nan', '1 unit'),
	('PETMAT001', 'Pet Travel Carrier', 'BBA75', 'Petmate', 'Comfortable carrier for transporting pets.', 1499.99, 'nan', '1 unit'),
	('PEDIGR003', 'Pedigree Dog Treats', 'MBA21', 'Pedigree', 'Healthy dog treats with added vitamins for nourishment.', 199.99, '12 months', '150g'),
	('WHISKA003', 'Whiskas Catnip Treats', 'MBA21', 'Whiskas', 'Catnip-flavored treats for cats, perfect for training.', 149.99, '12 months', '85g'),
	('DROOLS002', 'Puppy Teething Chews', 'MBA21', 'Drools', 'Satisfy your puppy’s chewing needs with this teething chew.', 129.99, '6 months', '100g'),
	('PAWSIN003', 'Pet Water Bottle', 'BMA77', 'PawsIndia', 'Portable water bottle for on-the-go hydration for pets.', 249.99, 'nan', '500ml'),
	('PETCAR002', 'Cat Litter Mat', 'BMA77', 'PetCare', 'Litter mat to keep your home clean and litter-free.', 199.99, 'nan', '1 unit'),
	('HEADSU002', 'Dog Carrier Bag', 'BMA77', 'Heads Up For Tails', 'Comfortable pet carrier for travel or vet visits.', 799.99, 'nan', '1 unit'),
	('HIMALA002', 'Himalaya Pet Health Tablets', 'CMA46', 'Himalaya', 'Health supplement tablets for pet immunity and overall wellness.', 399.99, '24 months', '60 tablets'),
	('DROOLS003', 'Drools Multivitamin Treats', 'CMA46', 'Drools', 'Multivitamin treats that help boost your dog’s immunity.', 299.99, '12 months', '200g'),
	('PEDIGR004', 'Pedigree Professional Coat Care', 'CMA46', 'Pedigree', 'Pet supplement that helps keep your pet’s coat healthy and shiny.', 249.99, '12 months', '150g'),
	('SCOOPF001', 'ScoopFree Self-Cleaning Litter Box', 'LMA65', 'ScoopFree', 'Automatic self-cleaning litter box for cats.', 5999.99, 'nan', '1 unit'),
	('TIDYCA001', 'Clumping Cat Litter', 'LMA65', 'Tidy Cats', 'Clumping cat litter for superior odor control and easy cleanup.', 799.99, '6 months', '5kg'),
	('PAWSIN004', 'Pet Grooming Gloves', 'LMA65', 'PawsIndia', 'Grooming gloves to remove shedding hair and dirt from your pet.', 199.99, 'nan', '1 pair'),
	('PETCAR003', 'Rubber Chew Toy for Dogs', 'AMA99', 'PetCare', 'Durable rubber chew toy for puppies and adult dogs.', 199.99, '12 months', 'Medium'),
	('WHISKA004', 'Catnip Ball for Cats', 'AMA99', 'Whiskas', 'Catnip-infused ball that encourages playful behavior for cats.', 129.99, '6 months', 'Small'),
	('HEADSU003', 'Interactive Dog Puzzle Toy', 'AMA99', 'Heads Up For Tails', 'Engaging puzzle toy for dogs to stimulate their minds.', 349.99, '12 months', 'Medium'),
	('LITTLE001', 'Little Angels Baby Diapers', 'DSW66', 'Little Angels', 'Super absorbent diapers designed for sensitive baby skin.', 599.99, '6 months', '20 pcs'),
	('PAMPER001', 'Pampers Newborn Diapers', 'DSW66', 'Pampers', 'Soft and comfortable diapers for newborns.', 799.99, '6 months', '30 pcs'),
	('MAMYPO001', 'MamyPoko Pants Extra Absorb', 'DSW66', 'MamyPoko', 'Comfortable pants-style diapers with excellent absorbency.', 899.99, '6 months', '48 pcs'),
	('PHILIP001', 'Philips Avent Natural Feeding Bottle', 'CSW18', 'Philips Avent', 'Anti-colic feeding bottle designed for newborn babies.', 599.99, '12 months', '125ml'),
	('MEEMEE001', 'Mee Mee Baby Feeding Bottle', 'CSW18', 'Mee Mee', 'BPA-free baby feeding bottle for easy feeding.', 399.99, '12 months', '250ml'),
	('PIGEON001', 'Pigeon Baby Feeding Bottle', 'CSW18', 'Pigeon', 'Ergonomically designed baby feeding bottle for comfort.', 349.99, '12 months', '180ml'),
	('HUGGIE001', 'Huggies Baby Wipes', 'BSW83', 'Huggies', 'Soft and gentle wipes for babies, ideal for everyday use.', 249.99, '12 months', '72 wipes'),
	('PAMPER002', 'Pampers Baby Wipes', 'BSW83', 'Pampers', 'Alcohol-free wipes, perfect for sensitive baby skin.', 299.99, '12 months', '72 wipes'),
	('MEEMEE002', 'Mee Mee Baby Wipes', 'BSW83', 'Mee Mee', 'Soft and gentle wipes for quick cleaning.', 179.99, '12 months', '80 wipes'),
	('JOHNSO001', 'Johnson’s Baby Powder', 'TTE28', 'Johnson’s', 'Classic baby powder to keep your baby’s skin soft and fresh.', 149.99, '12 months', '100g'),
	('HIMALA003', 'Himalaya Baby Powder', 'TTE28', 'Himalaya', 'Natural baby powder that protects the skin from rashes.', 169.99, '12 months', '100g'),
	('PAMPER003', 'Pampers Baby Powder', 'TTE28', 'Pampers', 'Gentle powder with chamomile to soothe and protect skin.', 199.99, '12 months', '100g'),
	('SAFETY001', 'Safety First Baby Safety Kit', 'CTE24', 'Safety First', 'Essential baby safety tools like corner protectors, door stoppers, etc.', 999.99, 'nan', '1 unit'),
	('PHILIP002', 'Philips Avent Digital Thermometer', 'CTE24', 'Philips Avent', 'Fast and accurate digital thermometer for babies.', 799.99, '24 months', '1 unit'),
	('MEEMEE003', 'Mee Mee Baby Grooming Kit', 'CTE24', 'Mee Mee', 'Complete grooming kit for babies with comb, brush, and scissors.', 599.99, '12 months', '1 kit'),
	('HIMALA004', 'Himalaya Baby Toothpaste', 'HTE70', 'Himalaya', 'Natural baby toothpaste for safe and effective oral care.', 99.99, '24 months', '50g'),
	('PIGEON002', 'Pigeon Baby Nasal Aspirator', 'HTE70', 'Pigeon', 'Gentle nasal aspirator for babies to clear blocked noses.', 349.99, '12 months', '1 unit'),
	('BABYGA001', 'Babyganics Tooth & Gum Wipes', 'HTE70', 'Babyganics', 'Tooth wipes for babies to gently clean gums and teeth.', 299.99, '12 months', '30 wipes'),
	('MOMME0001', 'Baby Gift Hamper Set', 'BBE17', 'Mom & Me', 'Perfect gift set with baby clothes, shoes, and accessories.', 799.99, 'nan', '1 set'),
	('LITTLE002', 'Little Angel Baby Hamper', 'BBE17', 'Little Angels', 'Comprehensive gift hamper for newborns with essentials like baby lotion, wipes, and diapers.', 1099.99, 'nan', '1 set'),
	('TOYKIN001', 'Toys and Accessories Hamper', 'BBE17', 'Toy Kingdom', 'A delightful gift hamper for babies filled with fun toys and accessories.', 649.99, 'nan', '1 set'),
	('PAMPER004', 'Pampers Diaper Pack', 'HBE71', 'Pampers', 'Super absorbent diapers for babies for all-day comfort.', 899.99, '6 months', '40 pcs'),
	('HUGGIE002', 'Huggies Dry Pants', 'HBE71', 'Huggies', 'Easy-to-wear dry pants for babies with maximum absorbency.', 749.99, '6 months', '32 pcs'),
	('MAMYPO002', 'MamyPoko Extra Absorb Diapers', 'HBE71', 'MamyPoko', 'Ultra absorbent and soft diapers to keep babies dry for long hours.', 849.99, '6 months', '48 pcs'),
	('JOHNSO002', 'Johnson’s Baby Bath Gel', 'NBE13', 'Johnson’s', 'Gentle baby bath gel to cleanse and soothe the skin.', 299.99, '12 months', '200ml'),
	('MEEMEE004', 'Mee Mee Baby Body Wash', 'NBE13', 'Mee Mee', 'Mild and tear-free baby body wash for gentle cleansing.', 249.99, '12 months', '200ml'),
	('MAMAEA001', 'Mamaearth Baby Wash', 'NBE13', 'Mamaearth', 'Natural and toxin-free baby wash for soft, hydrated skin.', 349.99, '12 months', '200ml'),
	('CHICCO001', 'Chicco Baby Skin Cream', 'FBE81', 'Chicco', 'Moisturizing cream for baby skin to keep it soft and hydrated.', 399.99, '12 months', '100g'),
	('HIMALA005', 'Himalaya Baby Lotion', 'FBE81', 'Himalaya', 'Gentle lotion that nourishes and protects baby’s skin.', 249.99, '12 months', '200ml'),
	('PIGEON003', 'Pigeon Baby Cream', 'FBE81', 'Pigeon', 'Protective cream that locks in moisture and prevents dryness.', 299.99, '12 months', '100g'),
	('GERBER001', 'Gerber Baby Food - Rice Cereal', 'DDA41', 'Gerber', 'Nutritious rice cereal for babies, ideal for first feeding.', 249.99, '6 months', '200g'),
	('NESTLE001', 'Nestle Cerelac Wheat Porridge', 'DDA41', 'Nestle', 'Iron-rich wheat porridge for babies to ensure growth and development.', 199.99, '6 months', '300g'),
	('HIMALA006', 'Himalaya Baby Food - Apple Puree', 'DDA41', 'Himalaya', 'Pure apple puree for babies made with natural ingredients.', 169.99, '6 months', '200g'),
	('MAMAEA002', 'Mamaearth Stretch Marks Cream', 'BDA97', 'Mamaearth', 'Natural stretch marks cream for expecting mothers.', 499.99, '12 months', '100g'),
	('PIGEON004', 'Pigeon Breast Pads', 'BDA97', 'Pigeon', 'Discreet and comfortable breast pads to prevent leaks.', 249.99, '6 months', '30 pads'),
	('BEARDO001', 'Beardo Beard Oil for Men', 'BDA97', 'Beardo', 'Natural beard oil for moisturizing and promoting beard growth.', 399.99, '12 months', '50ml'),
	('HUGGIE003', 'Huggies Diaper Rash Cream', 'EDA15', 'Huggies', 'Soothing diaper rash cream for babies to prevent rashes and irritation.', 349.99, '12 months', '100g'),
	('PAMPER005', 'Pampers Diaper Rash Cream', 'EDA15', 'Pampers', 'Protects baby’s skin from diaper rashes and promotes healing.', 299.99, '12 months', '100g'),
	('MEEMEE005', 'Mee Mee Diaper Rash Cream', 'EDA15', 'Mee Mee', 'Gentle cream to prevent diaper rashes for delicate baby skin.', 199.99, '12 months', '100g'),
	('PHILIP003', 'Philips Avent Electric Breast Pump', 'NDA67', 'Philips Avent', 'Efficient electric breast pump for easy milk expression.', 4999.99, '12 months', '1 unit'),
	('PIGEON005', 'Pigeon Manual Breast Pump', 'NDA67', 'Pigeon', 'Comfortable manual breast pump for breastfeeding mothers.', 1999.99, '12 months', '1 unit'),
	('CHICCO002', 'Chicco Nursing Pillow', 'NDA67', 'Chicco', 'Supportive nursing pillow for comfortable feeding positions.', 999.99, '12 months', '1 unit'),
	('BUSINE001', 'Business Today Magazine Subscription', 'FBR31', 'Business Today', 'Stay updated with the latest business trends and insights.', 999.99, '12 months', '1 year'),
	('HARVAR001', 'Harvard Business Review Subscription', 'FBR31', 'Harvard Business Review', 'Global business magazine with top-notch management insights.', 2500.0, '12 months', '1 year'),
	('INDIAT001', 'India Today Weekly Magazine', 'FBR31', 'India Today', 'Weekly news coverage and current affairs from India.', 299.99, '12 months', '1 year'),
	('RANDOM001', 'The Lean Startup', 'RBR32', 'Random House', 'A groundbreaking book on entrepreneurship and innovation.', 499.99, '36 months', '1 unit'),
	('WARNER001', 'Rich Dad Poor Dad', 'RBR32', 'Warner Books', 'A personal finance book offering insights into wealth-building strategies.', 299.99, '36 months', '1 unit'),
	('SIMONS001', 'How to Win Friends & Influence People', 'RBR32', 'Simon & Schuster', 'Classic book on interpersonal relationships and leadership.', 249.99, '36 months', '1 unit'),
	('HARPER001', 'The India Story', 'RAT21', 'HarperCollins', 'Book exploring the history and current affairs of India.', 399.99, '24 months', '1 unit'),
	('RAMESH001', 'Current Affairs 2024', 'RAT21', 'Ramesh Publishing House', 'A compilation of important events and issues in India and the world in 2024.', 299.99, '12 months', '1 unit'),
	('FARRAR001', 'The World Is Flat', 'RAT21', 'Farrar, Straus and Giroux', 'A book about globalization and its impact on society and economy.', 449.99, '36 months', '1 unit'),
	('BLOOMS001', 'Harry Potter and the Sorcerers Stone', 'FAT38', 'Bloomsbury', 'The magical adventure of a young wizard at Hogwarts.', 499.99, '24 months', '1 unit'),
	('PENGUI001', 'The Very Hungry Caterpillar', 'FAT38', 'Penguin Books', 'A classic children’s book that introduces the world of counting and days of the week.', 199.99, '36 months', '1 unit'),
	('HARPER002', 'Goodnight Moon', 'FAT38', 'Harper & Row', 'A popular bedtime story for children.', 150.0, '36 months', '1 unit'),
	('RANDOM002', 'The Power of Habit', 'CCL57', 'Random House', 'Book on understanding habits and how to change them for personal and professional growth.', 399.99, '24 months', '1 unit'),
	('FREEPR001', 'The 7 Habits of Highly Effective People', 'CCL57', 'Free Press', 'Time-tested principles of effectiveness in personal and professional life.', 399.99, '24 months', '1 unit'),
	('PENGUI002', 'Atomic Habits', 'CCL57', 'Penguin', 'Practical strategies to build good habits and break bad ones.', 499.99, '36 months', '1 unit'),
	('NHBPUB001', 'The Art of Hobby Farming', 'ACL33', 'NHB Publications', 'A guide to getting started with hobby farming and self-sufficiency.', 699.99, '36 months', '1 unit'),
	('CRAFTS001', 'DIY Home Projects', 'ACL33', 'Craftsman', 'A comprehensive guide on making your own DIY projects at home.', 349.99, '36 months', '1 unit'),
	('PENGUI003', 'Photography for Beginners', 'ACL33', 'Penguin', 'A beginner’s guide to photography and how to take stunning photos.', 299.99, '36 months', '1 unit'),
	('PENGUI004', 'The Architecture of Happiness', 'LCL54', 'Penguin Books', 'A book on the connection between architecture and human well-being.', 499.99, '36 months', '1 unit'),
	('RANDPU001', 'The Fountainhead', 'LCL54', 'Rand Publishing', 'A landmark novel on architecture and individualism by Ayn Rand.', 399.99, '36 months', '1 unit'),
	('MCGRAW001', 'Architecture 101', 'LCL54', 'McGraw-Hill', 'An introduction to the fundamental principles of architecture.', 349.99, '36 months', '1 unit'),
	('AMUL00001', 'Amul Flavoured Yogurt', 'DCL54', 'Amul', 'Tasty and nutritious flavored yogurt made with fresh milk.', 69.99, '12 months', '200g'),
	('MOTHER001', 'Mother Dairy Vanilla Yogurt', 'DCL54', 'Mother Dairy', 'Creamy vanilla flavored yogurt with high protein content.', 79.99, '12 months', '200g'),
	('EPIGAM001', 'Epigamia Greek Yogurt - Mango', 'DCL54', 'Epigamia', 'Smooth and creamy mango flavored Greek yogurt packed with protein.', 99.99, '6 months', '150g'),
	('KWALIT001', 'Kwality Walls Ice Cream', 'ADI97', 'Kwality Walls', 'A variety of delicious ice cream flavors, made with the finest ingredients.', 199.99, '6 months', '500ml'),
	('BASKIN001', 'Baskin Robbins - Chocolate Fudge', 'ADI97', 'Baskin Robbins', 'Rich chocolate fudge ice cream for chocolate lovers.', 350.0, '6 months', '500ml'),
	('LONDON001', 'London Dairy Strawberry Ice Cream', 'ADI97', 'London Dairy', 'Delightful strawberry flavored ice cream for a sweet treat.', 250.0, '6 months', '500ml'),
	('NANDIN001', 'Mysore Pak', 'SPE62', 'Nandini', 'Traditional Indian sweet made from ghee, sugar, and gram flour.', 149.99, '6 months', '250g'),
	('HALDIR001', 'Gulab Jamun', 'SPE62', 'Haldirams', 'Soft and sweet deep-fried Indian sweet soaked in sugar syrup.', 199.99, '6 months', '300g'),
	('KAILAS001', 'Kaju Katli', 'SPE62', 'Kailash Sweets', 'Famous Indian sweet made from cashews and sugar, a delightful treat.', 399.99, '6 months', '200g'),
	('CADBUR001', 'Cadbury Dairy Milk', 'BPE21', 'Cadbury', 'Smooth and creamy milk chocolate for a delicious treat.', 149.99, '12 months', '120g'),
	('NESTLE002', 'Nestle KitKat', 'BPE21', 'Nestle', 'Crispy wafer covered in rich chocolate for a satisfying snack.', 120.0, '12 months', '100g'),
	('MARS00001', 'Mars Chocolate', 'BPE21', 'Mars', 'Classic chocolate bar with caramel and nougat.', 159.99, '12 months', '150g'),
	('CADBUR002', 'Cadbury Celebrations', 'PPE28', 'Cadbury', 'Assorted chocolate gift pack perfect for festive occasions.', 499.99, '12 months', '150g'),
	('FERRER001', 'Ferrero Rocher', 'PPE28', 'Ferrero', 'Premium chocolate with a hazelnut filling, perfect for gifting.', 799.99, '12 months', '200g'),
	('LINDT0001', 'Lindt Chocolate Gift Box', 'PPE28', 'Lindt', 'Luxurious assortment of premium Lindt chocolates.', 1299.99, '12 months', '300g'),
	('HERSHE001', 'Hersheys Chocolate Syrup', 'BPE54', 'Hersheys', 'Delicious chocolate syrup for adding flavor to milk and desserts.', 199.99, '12 months', '200ml'),
	('CHOCOB001', 'Choco Bliss Chocolate Syrup', 'BPE54', 'Choco Bliss', 'Sweet and rich chocolate syrup perfect for pouring over ice cream and pancakes.', 149.99, '12 months', '200ml'),
	('MAPLEF001', 'Maple Farms Chocolate Syrup', 'BPE54', 'Maple Farms', 'Thick and rich chocolate syrup for a perfect indulgence.', 189.99, '12 months', '200ml'),
	('LUSH00001', 'Lush Gummy Bears', 'OPE64', 'Lush', 'Fruit-flavored chewy gummy bears.', 99.99, '12 months', '100g'),
	('CHUPAC001', 'Chupa Chups Lollipops', 'OPE64', 'Chupa Chups', 'Sweet lollipops in different flavors for a delightful experience.', 50.0, '12 months', '10 pcs'),
	('BRITAN001', 'Mango Flavored Chewy Candies', 'OPE64', 'Britannia', 'Tangy and chewy mango flavored candies.', 59.99, '12 months', '150g'),
	('BAMBIN001', 'Bambino Mouth Freshener', 'MOR82', 'Bambino', 'Tasty and refreshing mouth freshener.', 30.0, '12 months', '50g'),
	('CATCH0001', 'Mouth Freshener with Hing', 'MOR82', 'Catch', 'Traditional Indian mouth freshener with hing and spices.', 40.0, '12 months', '50g'),
	('KESAR0001', 'Saffron Mouth Freshener', 'MOR82', 'Kesar', 'Mouth freshener infused with premium saffron for a fragrant taste.', 60.0, '12 months', '50g'),
	('BAKERS001', 'Chocolate Cake', 'SOR11', 'Bakers Basket', 'Delicious chocolate cake made with rich ingredients.', 599.99, '6 months', '500g'),
	('BRITAN002', 'Vanilla Sponge Cake', 'SOR11', 'Britannia', 'Soft and fluffy vanilla sponge cake for any occasion.', 299.99, '6 months', '400g'),
	('CAKEWA001', 'Eggless Chocolate Cake', 'SOR11', 'Cake Walk', 'A rich and moist eggless chocolate cake for dessert lovers.', 499.99, '6 months', '500g'),
	('CADBUR003', 'Cadbury Dairy Milk Chocolate Bar', 'HOR13', 'Cadbury', 'Creamy milk chocolate bar for every chocolate lover.', 150.0, '12 months', '120g'),
	('LINDT0002', 'Lindt Lindor Chocolate Bar', 'HOR13', 'Lindt', 'Smooth milk chocolate bar with a creamy filling.', 250.0, '12 months', '150g'),
	('NESTLE003', 'Nestle Munch', 'HOR13', 'Nestle', 'Crunchy and crispy chocolate wafer bars.', 120.0, '12 months', '100g'),
	('NESTLE004', 'KitKat Chunky', 'COR29', 'Nestle', 'Thicker version of the popular KitKat bar with more crunch.', 159.99, '12 months', '120g'),
	('CADBUR004', 'Cadbury Fruit & Nut', 'COR29', 'Cadbury', 'Smooth milk chocolate with crunchy nuts and raisins.', 199.99, '12 months', '150g'),
	('NESTLE005', 'Perk Chocolate Bar', 'COR29', 'Nestle', 'Crunchy wafer bar covered in chocolate.', 99.99, '12 months', '120g'),
	('NESTLE006', 'Perk Wafers', 'FOR79', 'Nestle', 'Crispy wafer bar with a chocolate coating.', 99.99, '12 months', '120g'),
	('NESTLE007', 'Munch Wafer Bars', 'FOR79', 'Nestle', 'Crispy wafer bars with milk chocolate coating.', 129.99, '12 months', '100g'),
	('CADBUR005', 'Treat Wafer Bars', 'FOR79', 'Cadbury', 'Delicious wafer bars covered in smooth chocolate.', 149.99, '12 months', '120g'),
	('MAPLEF002', 'Pancake Syrup', 'COR20', 'Maple Farms', 'Sweet syrup for topping pancakes and waffles.', 99.99, '12 months', '250ml'),
	('HIMALA007', 'Honey Syrup', 'COR20', 'Himalayan', 'Pure and natural honey syrup for use in desserts and beverages.', 179.99, '12 months', '250ml'),
	('HERSHE002', 'Chocolate Syrup', 'COR20', 'Hersheys', 'Rich and delicious chocolate syrup for all your dessert needs.', 249.99, '12 months', '250ml'),
	('TROPIC001', 'Coconut Milk Drink', 'FOR13', 'Tropicana', 'Refreshing coconut milk-based drink for a healthy treat.', 149.99, '12 months', '300ml'),
	('ALMOND001', 'Almond Milk Drink', 'FOR13', 'Almond Breeze', 'Healthy almond milk drink that’s a great dairy alternative.', 169.99, '12 months', '300ml'),
	('SILK00001', 'Soy Milk Drink', 'FOR13', 'Silk', 'A plant-based soy milk drink, rich in protein and calcium.', 159.99, '12 months', '300ml'),
	('TATATE001', 'Tata Tea Premium', 'HPA38', 'Tata Tea', 'A rich blend of premium tea leaves for a refreshing experience.', 150.0, '12 months', '500g'),
	('LIPTON001', 'Lipton Yellow Label Tea', 'HPA38', 'Lipton', 'Classic tea with a rich, robust flavor to kickstart your day.', 120.0, '12 months', '500g'),
	('TWININ001', 'Twinings English Breakfast Tea', 'HPA38', 'Twinings', 'A strong black tea with a hearty taste for breakfast.', 250.0, '12 months', '250g'),
	('COMPLA001', 'Complan Chocolate', 'HPH99', 'Complan', 'Nutrient-rich health drink for growing children, now in chocolate flavor.', 299.99, '12 months', '500g'),
	('ENSURE001', 'Ensure Nutri-Advance', 'HPH99', 'Ensure', 'Health drink packed with nutrients for adults to maintain strength and immunity.', 599.99, '12 months', '400g'),
	('HORLIC001', 'Horlicks Classic', 'HPH99', 'Horlicks', 'A malted milk drink that boosts immunity and energy levels.', 350.0, '12 months', '500g'),
	('PATANJ001', 'Brahmi Herbal Drink', 'NPH85', 'Patanjali', 'A traditional herbal drink made from Brahmi for better memory and concentration.', 99.99, '6 months', '200ml'),
	('ORGANI001', 'Organic India Tulsi Tea', 'NPH85', 'Organic India', 'A herbal drink made from Tulsi, known for its health benefits and stress-relief properties.', 120.0, '6 months', '25g'),
	('YOGI00001', 'Yogi Green Tea', 'NPH85', 'Yogi', 'A soothing herbal tea blend made with green tea and other natural ingredients.', 180.0, '12 months', '30g'),
	('AMUL00002', 'Amul Milk Drink', 'PPH46', 'Amul', 'A delicious milk drink, perfect for any time of the day.', 25.0, '12 months', '200ml'),
	('HERSHE003', 'Hersheys Milk Chocolate Drink', 'PPH46', 'Hersheys', 'Sweet and creamy milk chocolate drink for chocolate lovers.', 40.0, '12 months', '200ml'),
	('MOTHER002', 'Mother Dairy Dairy Drink', 'PPH46', 'Mother Dairy', 'Creamy and nutritious milk drink that’s perfect for breakfast or snacks.', 30.0, '12 months', '200ml'),
	('NESTLE008', 'Nescafe Instant Coffee', 'SPH86', 'Nestle', 'Instant coffee that delivers a rich and full-bodied flavor in seconds.', 150.0, '12 months', '200g'),
	('BRU000001', 'Bru Instant Coffee', 'SPH86', 'Bru', 'A convenient instant coffee for quick preparation without compromising taste.', 130.0, '12 months', '200g'),
	('STARBU001', 'Starbucks Instant Coffee', 'SPH86', 'Starbucks', 'Premium instant coffee with the distinctive Starbucks flavor.', 250.0, '12 months', '100g'),
	('TATATE002', 'Tata Tea Leaf', 'SPH87', 'Tata Tea', 'Loose leaf tea for those who enjoy freshly brewed tea with a rich aroma.', 220.0, '12 months', '250g'),
	('LIPTON002', 'Lipton Yellow Label Leaf Tea', 'SPH87', 'Lipton', 'Classic black tea leaves for a full-bodied, refreshing tea experience.', 180.0, '12 months', '250g'),
	('TWININ002', 'Twinings Earl Grey Loose Tea', 'SPH87', 'Twinings', 'A fragrant blend of black tea leaves with hints of citrus and bergamot.', 350.0, '12 months', '200g'),
	('TATATE003', 'Tata Gold Black Tea', 'JCO45', 'Tata Tea', 'Rich and aromatic black tea that delivers a bold flavor.', 180.0, '12 months', '500g'),
	('LIPTON003', 'Lipton Yellow Label Black Tea', 'JCO45', 'Lipton', 'Classic black tea with a well-rounded flavor and full-bodied taste.', 150.0, '12 months', '500g'),
	('REDLAB001', 'Red Label Black Tea', 'JCO45', 'Red Label', 'A strong and flavorful black tea perfect for energizing your day.', 130.0, '12 months', '500g'),
	('SOYPRO001', 'Vegan Soy Milk', 'CCO42', 'SoyPro', 'A plant-based vegan milk alternative, rich in protein and calcium.', 90.0, '12 months', '1L'),
	('ALMOND002', 'Almond Milk', 'CCO42', 'Almond Breeze', 'Healthy and refreshing almond milk, perfect for lactose-intolerant individuals.', 120.0, '12 months', '1L'),
	('OATLY0001', 'Oat Milk', 'CCO42', 'Oatly', 'A creamy oat milk drink that’s rich in fiber and vegan-friendly.', 150.0, '12 months', '1L'),
	('CADBUR006', 'Cadbury Hot Chocolate Drink', 'SCO39', 'Cadbury', 'A rich and creamy hot chocolate drink perfect for cold weather.', 220.0, '12 months', '200g'),
	('NESTLE009', 'Nestle Hot Chocolate', 'SCO39', 'Nestle', 'Smooth and delicious hot chocolate drink mix for instant indulgence.', 199.99, '12 months', '200g'),
	('CADBUR007', 'Bournville Hot Chocolate', 'SCO39', 'Cadbury', 'Dark chocolate drink mix for a rich and intense cocoa flavor.', 250.0, '12 months', '200g'),
	('COMPLA002', 'Complan Health Drink', 'ICO82', 'Complan', 'A complete health drink with essential nutrients for kids and adults.', 349.99, '12 months', '500g'),
	('HORLIC002', 'Horlicks Health Drink', 'ICO82', 'Horlicks', 'Nutritious health drink that supports physical and mental growth.', 399.99, '12 months', '500g'),
	('PEDIAS001', 'Pediasure Health Drink', 'ICO82', 'Pediasure', 'A balanced health drink for children with nutrients that support growth and development.', 499.99, '12 months', '400g'),
	('COMPLA003', 'Complan Chocolate Health Drink', 'FIC37', 'Complan', 'Chocolate-flavored health drink packed with nutrients for children.', 299.99, '12 months', '500g'),
	('HORLIC003', 'Horlicks Chocolate', 'FIC37', 'Horlicks', 'Chocolate-flavored health drink for growing children and adults.', 350.0, '12 months', '500g'),
	('ENSURE002', 'Ensure Chocolate', 'FIC37', 'Ensure', 'Chocolate-flavored health drink that provides balanced nutrition for adults.', 599.99, '12 months', '400g'),
	('TETLEY001', 'Tetley Exotic Tea', 'FIC42', 'Tetley', 'A collection of exotic flavored teas with a unique taste experience.', 200.0, '12 months', '200g'),
	('TATATE004', 'Tata Tea Elaichi', 'FIC42', 'Tata Tea', 'Exotic cardamom tea with a fragrant aroma and a strong, flavorful taste.', 150.0, '12 months', '200g'),
	('LIPTON004', 'Lipton Green Tea with Lemon', 'FIC42', 'Lipton', 'Refreshing lemon flavored green tea that supports metabolism.', 220.0, '12 months', '200g'),
	('TATATE005', 'Tata Green Tea', 'SIC34', 'Tata Tea', 'Refreshing green tea made with premium tea leaves for a healthy experience.', 150.0, '12 months', '200g'),
	('TWININ003', 'Twinings Green Tea', 'SIC34', 'Twinings', 'A blend of high-quality green tea leaves with a delicate flavor.', 250.0, '12 months', '200g'),
	('ORGANI002', 'Organic India Green Tea', 'SIC34', 'Organic India', 'A soothing green tea with organic ingredients for wellness and detoxification.', 200.0, '12 months', '200g'),
	('BLUETO001', 'Blue Tokai Roasted Coffee', 'CBA96', 'Blue Tokai', 'Freshly roasted coffee beans with rich and aromatic flavors.', 450.0, '12 months', '250g'),
	('LAVAZZ001', 'Lavazza Ground Coffee', 'CBA96', 'Lavazza', 'Premium ground coffee with a smooth, balanced flavor for your morning brew.', 500.0, '12 months', '250g'),
	('MCDONA001', 'McCafe Roasted Ground Coffee', 'CBA96', 'McDonalds', 'Delicious roasted ground coffee for a satisfying, café-style experience at home.', 350.0, '12 months', '250g'),
	('NESTLE0010', 'Nescafe Instant Coffee', 'BBA53', 'Nestle', 'Quick and easy instant coffee with a strong and aromatic flavor.', 120.0, '12 months', '200g'),
	('BRU000002', 'Bru Instant Coffee', 'BBA53', 'Bru', 'Instant coffee that’s rich, smooth, and ready in seconds.', 99.99, '12 months', '200g'),
	('STARBU002', 'Starbucks VIA Instant Coffee', 'BBA53', 'Starbucks', 'Premium instant coffee that captures the full Starbucks flavor in an instant.', 250.0, '12 months', '100g'),
	('BLUETO002', 'Blue Tokai Filter Coffee', 'BBA45', 'Blue Tokai', 'Rich and flavorful filter coffee with premium beans.', 350.0, '12 months', '250g'),
	('INDIAN001', 'Indian Coffee House Filter Coffee', 'BBA45', 'Indian Coffee House', 'Traditional filter coffee with a strong and aromatic flavor.', 300.0, '12 months', '250g'),
	('BRU000003', 'Bru Filter Coffee', 'BBA45', 'Bru', 'Classic filter coffee with an authentic taste for true coffee lovers.', 150.0, '12 months', '250g'),
	('TATACO001', 'Coffee Bags', 'CSA13', 'Tata Coffee', 'Convenient coffee bags for a quick cup of premium coffee.', 250.0, '12 months', '10 bags'),
	('BRU000004', 'Bru Coffee Bags', 'CSA13', 'Bru', 'Instant coffee bags with a rich flavor, perfect for quick brewing.', 180.0, '12 months', '10 bags'),
	('PANTEN001', 'Pantene Hair Oil', 'SSA56', 'Pantene', 'Nourishing hair oil for soft, shiny, and healthy hair.', 250.0, '12 months', '200ml'),
	('DOVE00001', 'Dove Nourishing Oil Care', 'SSA56', 'Dove', 'Hair oil enriched with natural oils to nourish and repair damaged hair.', 299.0, '12 months', '200ml'),
	('BAJAJ0001', 'Bajaj Almond Drops Hair Oil', 'SSA56', 'Bajaj', 'Light hair oil made with the goodness of almonds for healthy and strong hair.', 200.0, '12 months', '100ml'),
	('MAYBEL001', 'Maybelline New York Fit Me Foundation', 'ASA23', 'Maybelline', 'Matte foundation that provides a flawless finish, suitable for every skin type.', 450.0, '12 months', '30ml'),
	('LAKME0001', 'Lakme Absolute Blur Perfect Primer', 'ASA23', 'Lakme', 'Primer that blurs imperfections and creates a smooth base for makeup.', 350.0, '12 months', '30g'),
	('LORALP001', 'LOréal Paris True Match Liquid Foundation', 'ASA23', 'LOréal Paris', 'Long-lasting foundation with a natural, skin-like finish, ideal for all skin tones.', 850.0, '12 months', '30ml'),
	('MAYBEL002', 'Maybelline Colossal Kajal', 'SMU80', 'Maybelline', 'Intense black kajal that lasts all day long and gives bold, smudge-free eyes.', 200.0, '12 months', '0.35g'),
	('LAKME0002', 'Lakme Eyeconic Kajal', 'SMU80', 'Lakme', 'Rich and smooth kajal that lasts up to 10 hours without smudging.', 200.0, '12 months', '0.35g'),
	('LORALP002', 'LOréal Paris Infallible Never Fail Eyeliner', 'SMU80', 'LOréal Paris', 'Smudge-proof, long-lasting eyeliner for a perfect bold look.', 500.0, '12 months', '1.2ml'),
	('MAYBEL003', 'Maybelline New York Colossal Mascara', 'HMU82', 'Maybelline', 'Volumizing mascara for thick and bold lashes.', 399.0, '12 months', '9.2ml'),
	('LORALP003', 'L’Oréal Paris Lash Paradise Mascara', 'HMU82', 'L’Oréal Paris', 'Intense volume mascara for dramatic lashes with a soft, velvety finish.', 599.0, '12 months', '8ml'),
	('LAKME0003', 'Lakme Eyeconic Curling Mascara', 'HMU82', 'Lakme', 'Mascara that gives your lashes a voluminous, curled look that lasts all day.', 350.0, '12 months', '9ml'),
	('MAYBEL004', 'Maybelline Super Stay Matte Ink Lipstick', 'GHO20', 'Maybelline', 'Long-lasting matte lipstick with a highly pigmented color for all-day wear.', 650.0, '12 months', '5ml'),
	('LORALP004', 'L’Oréal Paris Color Riche Lipstick', 'GHO20', 'L’Oréal Paris', 'Hydrating lipstick that provides intense color and nourishment to the lips.', 499.0, '12 months', '4.2g'),
	('LAKME0004', 'Lakme Absolute Matte Lip Color', 'GHO20', 'Lakme', 'Bold, matte lipstick that provides full coverage and a long-lasting finish.', 450.0, '12 months', '3.6g'),
	('GARNIE001', 'Garnier BB Cream', 'HHO65', 'Garnier', 'BB cream that hydrates, evens out skin tone, and provides a natural glow.', 199.0, '12 months', '50ml'),
	('MAYBEL005', 'Maybelline Dream Pure BB Cream', 'HHO65', 'Maybelline', 'BB cream for acne-prone skin that provides coverage while helping to clear up blemishes.', 350.0, '12 months', '30ml'),
	('LAKME0005', 'Lakme 9 to 5 Primer + Matte Powder BB Cream', 'HHO65', 'Lakme', 'BB cream with a primer that gives a smooth, matte finish and long-lasting wear.', 350.0, '12 months', '30ml'),
	('REALTE001', 'Real Techniques Makeup Brush Set', 'PHO19', 'Real Techniques', 'A set of professional makeup brushes for flawless makeup application.', 1200.0, '12 months', '6 brushes'),
	('SIGMAB001', 'Sigma Beauty Essential Makeup Brushes', 'PHO19', 'Sigma Beauty', 'A premium makeup brush set for smooth and even makeup application.', 3500.0, '12 months', '10 brushes'),
	('WETNWI001', 'Wet n Wild Makeup Brush Set', 'PHO19', 'Wet n Wild', 'Affordable brush set for precise and flawless makeup application.', 799.0, '12 months', '5 brushes'),
	('LORALP005', 'L’Oréal Paris Infallible 24H Matte Foundation', 'AHO51', 'L’Oréal Paris', 'Long-wear matte foundation that controls shine and stays in place for 24 hours.', 899.0, '12 months', '30ml'),
	('MAYBEL006', 'Maybelline Fit Me Matte + Poreless Foundation', 'AHO51', 'Maybelline', 'Matte foundation that controls oil and minimizes pores for a smooth finish.', 499.0, '12 months', '30ml'),
	('LAKME0006', 'Lakme Absolute Argan Oil Radiance Foundation', 'AHO51', 'Lakme', 'Radiance-boosting foundation with argan oil for glowing skin.', 750.0, '12 months', '30ml'),
	('LAKME0007', 'Lakme Nail Color Remover', 'GVE43', 'Lakme', 'Gentle formula to remove nail polish without drying out your nails.', 50.0, '12 months', '100ml'),
	('ELLE00001', 'Elle 18 Nail Polish Remover', 'GVE43', 'Elle 18', 'Fast and effective nail polish remover that leaves nails clean and fresh.', 40.0, '12 months', '50ml'),
	('INNISF001', 'Innisfree Nail Remover', 'GVE43', 'Innisfree', 'Gentle yet effective nail remover made with natural ingredients.', 250.0, '12 months', '150ml'),
	('GILLET001', 'Gillette Mach 3 Razor', 'FVE78', 'Gillette', 'Razor with 3-blade technology for a smooth and comfortable shave.', 350.0, '12 months', '1 razor'),
	('ASTRA0001', 'Astra Sensitive Razor', 'FVE78', 'Astra', 'Sensitive razor for a smooth and irritation-free shave.', 120.0, '12 months', '1 razor'),
	('BEARDO002', 'Beardo Shaving Razor', 'FVE78', 'Beardo', 'Premium shaving razor for a close and precise shave.', 450.0, '12 months', '1 razor'),
	('BBLUNT001', 'BBlunt Salon Secret Hair Color', 'FVE82', 'BBlunt', 'Salon-quality hair color that gives vibrant, long-lasting color and shine.', 350.0, '12 months', '100g'),
	('LORALP006', 'L’Oréal Paris Casting Creme Gloss', 'FVE82', 'L’Oréal Paris', 'Ammonia-free hair color that provides glossy, natural-looking color.', 500.0, '12 months', '100g'),
	('GODREJ002', 'Godrej Expert Hair Color', 'FVE82', 'Godrej', 'Affordable and long-lasting hair color for a natural look.', 90.0, '12 months', '100g'),
	('LAKME0008', 'Lakme Nail Color', 'PMA39', 'Lakme', 'Trendy and vibrant nail color in a range of beautiful shades.', 150.0, '12 months', '9ml'),
	('MAYBEL007', 'Maybelline New York Color Show Nail Polish', 'PMA39', 'Maybelline', 'Bright and bold nail color with a long-lasting finish.', 200.0, '12 months', '7ml'),
	('ELLE00002', 'Elle 18 Nail Pops', 'PMA39', 'Elle 18', 'Vibrant nail color with a smooth finish, perfect for everyday wear.', 100.0, '12 months', '8ml'),
	('LAKME0009', 'Lakme Absolute Blur Perfect Primer', 'DMA52', 'Lakme', 'Primer that blurs imperfections and creates a smooth base for makeup.', 350.0, '12 months', '30g'),
	('MAYBEL008', 'Maybelline New York Master Prime Primer', 'DMA52', 'Maybelline', 'Primer that smooths the skin for a flawless makeup application.', 400.0, '12 months', '30ml'),
	('LORALP007', 'L’Oréal Paris Studio Secrets Professional Magic Perfecting Base', 'DMA52', 'L’Oréal Paris', 'A velvety-smooth primer that minimizes pores and evens out skin texture.', 650.0, '12 months', '30ml'),
	('DYSON0001', 'Dyson Supersonic Hair Dryer', 'CMA66', 'Dyson', 'Advanced hair dryer with high-speed drying and intelligent heat control.', 39999.0, '12 months', '1 unit'),
	('PHILIP004', 'Philips Hair Straightener', 'CMA66', 'Philips', 'Hair straightener with ceramic plates for smooth and sleek hair styling.', 2500.0, '12 months', '1 unit'),
	('REMING001', 'Remington Hair Curler', 'CMA66', 'Remington', 'Hair curler with advanced technology for long-lasting curls.', 2200.0, '12 months', '1 unit'),
	('NINARI001', 'Nina Ricci Eye Accessories', 'RTO44', 'Nina Ricci', 'Luxury eye accessories including lashes, tweezers, and eyelash curlers.', 800.0, '12 months', '1 set'),
	('MAYBEL009', 'Maybelline Eye Lash Curler', 'RTO44', 'Maybelline', 'Eye lash curler that gives a wide-eyed look with perfectly curled lashes.', 350.0, '12 months', '1 unit'),
	('ELF000001', 'Elf Lash & Brow Comb', 'RTO44', 'Elf', 'Dual-purpose comb for eyelashes and eyebrows for a natural look.', 250.0, '12 months', '1 unit'),
	('INGLOT001', 'Inglot Nail Accessories', 'MTO10', 'Inglot', 'Nail accessories including files, buffers, and cuticle pushers for perfect nails.', 500.0, '12 months', '1 set'),
	('THEBOD001', 'The Body Shop Nail Buffer', 'MTO10', 'The Body Shop', 'Gentle nail buffer for smooth, shiny nails.', 200.0, '12 months', '1 unit'),
	('ESSENC001', 'Essence Nail Art Accessories', 'MTO10', 'Essence', 'Nail art accessories including stickers, gems, and tools for creative nails.', 300.0, '12 months', '1 set'),
	('SHISEI001', 'Shiseido Body Accessories', 'OTO13', 'Shiseido', 'Luxury body accessories including body lotions, scrubbers, and massage tools.', 1500.0, '12 months', '1 set'),
	('NIVEA0001', 'Nivea Body Lotion', 'OTO13', 'Nivea', 'Moisturizing body lotion for soft, smooth skin.', 250.0, '12 months', '200ml'),
	('THEBOD002', 'The Body Shop Body Scrub', 'OTO13', 'The Body Shop', 'Exfoliating body scrub for smooth and glowing skin.', 799.0, '12 months', '200g'),
	('CLINIQ001', 'Clinique Face Accessories', 'ETO67', 'Clinique', 'Premium face accessories including facial brushes and sponges for smooth application.', 1200.0, '12 months', '1 set'),
	('THEBOD003', 'The Body Shop Facial Brush', 'ETO67', 'The Body Shop', 'Gentle facial brush for effective cleansing and exfoliation.', 600.0, '12 months', '1 unit'),
	('FOREO0001', 'Foreo Luna Facial Brush', 'ETO67', 'Foreo', 'Sonic facial brush for deep cleaning and radiance enhancement.', 5000.0, '12 months', '1 unit'),
	('LOREAL001', 'L’Oreal Paris Extraordinary Oil Serum', 'DTO46', 'L’Oreal Paris', 'Hair serum that provides silky smooth hair with a natural shine.', 599.0, '12 months', '50ml'),
	('TRESEM001', 'TRESemmé Keratin Smooth Serum', 'DTO46', 'TRESemmé', 'Serum for frizz control and smooth, shiny hair with keratin infusion.', 350.0, '12 months', '100ml'),
	('MOROCC001', 'Moroccanoil Treatment', 'DTO46', 'Moroccanoil', 'Nourishing oil serum for smooth and healthy hair.', 2500.0, '12 months', '100ml'),
	('BAJAJ0002', 'Bajaj Almond Drops Hair Oil', 'ATO26', 'Bajaj', 'Lightweight hair oil with almond extracts for healthy and shiny hair.', 150.0, '12 months', '100ml'),
	('DOVE00002', 'Dove Nutritive Solutions Hair Oil', 'ATO26', 'Dove', 'Nourishing hair oil for dry and damaged hair, leaving it soft and shiny.', 249.0, '12 months', '200ml'),
	('PARACH001', 'Parachute Coconut Hair Oil', 'ATO26', 'Parachute', 'Pure coconut oil that nourishes the scalp and hair for strength and shine.', 120.0, '12 months', '200ml'),
	('BBLUNT002', 'BBlunt Intense Moisture Hair Mask', 'RTO83', 'BBlunt', 'Hair mask for intense moisture and nourishment for dry, damaged hair.', 850.0, '12 months', '200ml'),
	('LOREAL002', 'L’Oreal Paris Extraordinary Oil Hair Mask', 'RTO83', 'L’Oreal Paris', 'Nourishing hair mask with a blend of oils for silky and smooth hair.', 1200.0, '12 months', '300ml'),
	('TRESEM002', 'TRESemmé Keratin Smooth Hair Mask', 'RTO83', 'TRESemmé', 'Deep conditioning hair mask with keratin for smooth, shiny hair.', 799.0, '12 months', '250ml'),
	('PHILIP005', 'Philips SatinShave Women’s Razor', 'TTO51', 'Philips', 'Women’s electric razor for a smooth and comfortable shave.', 1200.0, '12 months', '1 unit'),
	('GILLET002', 'Gillette Venus Razor', 'TTO51', 'Gillette', 'Razor with 3 blades for a smooth and comfortable shave with less irritation.', 350.0, '12 months', '1 unit'),
	('BRAUN0001', 'Braun Silk-épil 9 Women’s Epilator', 'TTO51', 'Braun', 'Electric epilator for smooth and long-lasting results, removing even short hairs.', 5000.0, '12 months', '1 unit'),
	('LAKME00010', 'Lakme 9 to 5 Primer + Matte Powder BB Cream', 'HHO47', 'Lakme', 'BB cream with a primer that gives a smooth, matte finish and long-lasting wear.', 350.0, '12 months', '30ml'),
	('MAYBEL0010', 'Maybelline Fit Me Compact Powder', 'HHO47', 'Maybelline', 'Compact powder that provides a natural finish and controls shine for up to 12 hours.', 499.0, '12 months', '9g'),
	('LORALP008', 'L’Oréal Paris True Match Super-Blendable Compact Powder', 'HHO47', 'L’Oréal Paris', 'Powder foundation that blends seamlessly for a natural finish.', 750.0, '12 months', '9g'),
	('VEET00001', 'Veet Hair Removal Cream', 'CTO36', 'Veet', 'Hair removal cream suitable for sensitive skin, leaving skin smooth and hair-free.', 249.0, '12 months', '50g'),
	('NAIR00001', 'Nair Hair Removal Cream', 'CTO36', 'Nair', 'Gentle hair removal cream for all skin types, provides smooth skin for up to a week.', 199.0, '12 months', '80g'),
	('PHILIP006', 'Philips SatinShave Essential Electric Shaver', 'CTO36', 'Philips', 'Electric shaver for women, providing a smooth shave with minimal irritation.', 2500.0, '12 months', '1 unit'),
	('O00000001', 'O3+ Vitamin C Facial Kit', 'ATO27', 'O3+', 'Facial kit with Vitamin C to brighten and nourish skin, leaving it glowing.', 1500.0, '12 months', '1 kit'),
	('BIOTIQ001', 'Biotique Bio Fruit Whitening Facial Kit', 'ATO27', 'Biotique', 'Facial kit for whitening and revitalizing the skin using natural fruit extracts.', 750.0, '12 months', '1 kit'),
	('KAYA00001', 'Kaya Brightening Facial Kit', 'ATO27', 'Kaya', 'Brightening facial kit that rejuvenates the skin and evens out skin tone.', 1200.0, '12 months', '1 kit'),
	('SUGARC001', 'Sugar Cosmetics Lip Scrub', 'TBO44', 'Sugar Cosmetics', 'Exfoliating lip scrub that removes dead skin, leaving lips soft and smooth.', 299.0, '12 months', '10g'),
	('BURTSB001', 'Burts Bees Lip Scrub', 'TBO44', 'Burts Bees', 'Natural lip scrub that exfoliates and hydrates lips with honey and sugar crystals.', 399.0, '12 months', '12g'),
	('LUSH00002', 'Lush Bubblegum Lip Scrub', 'TBO44', 'Lush', 'Sweet-scented lip scrub that exfoliates and nourishes for soft, smooth lips.', 650.0, '12 months', '25g'),
	('NIVEA0002', 'Nivea Lip Balm', 'SBO98', 'Nivea', 'Moisturizing lip balm with Vitamin E and Hydra IQ for long-lasting hydration.', 150.0, '12 months', '4.8g'),
	('MAYBEL011', 'Maybelline Baby Lips', 'SBO98', 'Maybelline', 'Lip balm with SPF 20 for soft, smooth, and protected lips all day long.', 200.0, '12 months', '4g'),
	('VASELI001', 'Vaseline Lip Therapy', 'SBO98', 'Vaseline', 'Lip balm with petroleum jelly for soft, smooth lips and intensive care.', 120.0, '12 months', '7g'),
	('CLINIQ002', 'Clinique All About Eyes Eye Cream', 'RBO24', 'Clinique', 'Eye cream that helps reduce puffiness, dark circles, and fine lines around the eyes.', 1900.0, '12 months', '15ml'),
	('OLAY00001', 'Olay Eyes Deep Hydrating Eye Gel', 'RBO24', 'Olay', 'Hydrating eye gel that revitalizes and refreshes the eye area, reducing puffiness.', 1200.0, '12 months', '15g'),
	('KIEHLS001', 'Kiehls Avocado Eye Cream', 'RBO24', 'Kiehls', 'Nourishing eye cream with avocado that deeply hydrates and restores moisture.', 2500.0, '12 months', '14g'),
	('THEBOD004', 'The Body Shop Lip Tint', 'PBO22', 'The Body Shop', 'Tinted lip balm with a natural flush of color and hydration for the lips.', 499.0, '12 months', '4g'),
	('MAYBEL012', 'Maybelline New York Lip Tint', 'PBO22', 'Maybelline', 'Water-based lip tint with a soft finish, delivering long-lasting color.', 399.0, '12 months', '5ml'),
	('LORALP009', 'L’Oréal Paris Rouge Signature Lip Tint', 'PBO22', 'L’Oréal Paris', 'Lightweight lip tint with bold, long-lasting color for all-day wear.', 800.0, '12 months', '7ml'),
	('LORALP0010', 'L’Oréal Paris Lip Primer', 'PBO12', 'L’Oréal Paris', 'Lip primer that smooths and preps lips for flawless lipstick application.', 650.0, '12 months', '6g'),
	('MAC000001', 'Mac Prep + Prime Lip', 'PBO12', 'Mac', 'Lip primer that prevents lipstick feathering and enhances its color retention.', 1000.0, '12 months', '1 unit'),
	('REVLON001', 'Revlon ColorStay Lip Primer', 'PBO12', 'Revlon', 'Lip primer that helps in long-lasting color and prevents feathering of lipstick.', 550.0, '12 months', '6.5g'),
	('MAYBEL013', 'Maybelline New York Lip Liner', 'HBO40', 'Maybelline', 'Lip liner pencil for smooth, defined lips with long-lasting wear.', 200.0, '12 months', '1 unit'),
	('LAKME0011', 'Lakme 9 to 5 Lip Liner', 'HBO40', 'Lakme', 'Lip liner that defines and contours lips, providing a long-lasting color base.', 350.0, '12 months', '1 unit'),
	('FACESC001', 'Faces Canada Lip Liner', 'HBO40', 'Faces Canada', 'Lip liner that glides smoothly, defining lips with precise color that lasts long.', 299.0, '12 months', '1 unit'),
	('REVLON002', 'Revlon Super Lustrous Lip Gloss', 'CBO66', 'Revlon', 'Glossy lip color with a high-shine finish that moisturizes and adds volume to lips.', 600.0, '12 months', '5.5ml'),
	('MAYBEL014', 'Maybelline New York Lip Gloss', 'CBO66', 'Maybelline', 'Lip gloss with a smooth finish that adds shine and hydration to the lips.', 350.0, '12 months', '7ml'),
	('LORALP011', 'L’Oréal Paris Infallible Lip Gloss', 'CBO66', 'L’Oréal Paris', 'Lip gloss with long-lasting shine and color, providing a smooth, non-sticky finish.', 750.0, '12 months', '6ml'),
	('DOVE00003', 'Dove Hair Fall Rescue Shampoo', 'RBO95', 'Dove', 'Shampoo designed to strengthen hair and reduce hair fall, making hair more resilient.', 240.0, '12 months', '340ml'),
	('PANTEN002', 'Pantene Pro-V Hair Fall Control Shampoo', 'RBO95', 'Pantene', 'Shampoo enriched with Pro-V formula to nourish hair and reduce hair fall.', 180.0, '12 months', '340ml'),
	('HEADSH001', 'Head & Shoulders Anti-Hair Fall Shampoo', 'RBO95', 'Head & Shoulders', 'Shampoo with anti-dandruff formula that helps prevent hair fall due to breakage.', 190.0, '12 months', '340ml'),
	('GARNIE002', 'Garnier Fructis Hair Styling Gel', 'MBO12', 'Garnier', 'Hair styling gel for strong hold, providing long-lasting styling for all hair types.', 180.0, '12 months', '200ml'),
	('SETWET001', 'Set Wet Hair Gel', 'MBO12', 'Set Wet', 'Hair gel for a strong hold and shine, keeping your hair styled all day long.', 120.0, '12 months', '150ml'),
	('TRESEM003', 'TRESemmé Freeze Hold Hair Gel', 'MBO12', 'TRESemmé', 'Hair gel that provides freeze-hold styling and protects against humidity.', 299.0, '12 months', '200ml'),
	('PARACH002', 'Parachute Advanced Coconut Hair Oil', 'SBO10', 'Parachute', 'Coconut hair oil that nourishes the scalp and hair, promoting healthy growth and shine.', 180.0, '12 months', '200ml'),
	('DABUR0001', 'Dabur Amla Hair Oil', 'SBO10', 'Dabur', 'Amla oil that strengthens hair and prevents hair fall, adding shine and softness.', 150.0, '12 months', '200ml'),
	('BAJAJ0003', 'Bajaj Almond Drops Hair Oil', 'SBO10', 'Bajaj', 'Almond oil-based hair oil that nourishes and strengthens hair, reducing hair fall.', 160.0, '12 months', '100ml'),
	('HERBAL001', 'Herbal Essences Hello Hydration Hair Mask', 'SBO10', 'Herbal Essences', 'Deep hydrating hair mask that restores moisture and enhances shine in dry hair.', 699.0, '12 months', '200ml'),
	('LOREAL003', 'L’Oreal Paris Total Repair 5 Hair Mask', 'SBO10', 'L’Oreal Paris', 'Restorative hair mask that repairs and strengthens hair, making it more resilient.', 950.0, '12 months', '300ml'),
	('OLAPLE001', 'Olaplex Hair Perfector No. 3', 'SBO10', 'Olaplex', 'Hair repair mask that strengthens and repairs hair from the inside out.', 3500.0, '12 months', '100ml'),
	('GARNIE003', 'Garnier Fructis Long & Strong Conditioner', 'GBO37', 'Garnier', 'Conditioner that strengthens hair and prevents hair breakage, giving it a smooth finish.', 199.0, '12 months', '200ml'),
	('PANTEN003', 'Pantene Pro-V Smooth & Silky Conditioner', 'GBO37', 'Pantene', 'Conditioner that nourishes hair and makes it soft and smooth, improving manageability.', 220.0, '12 months', '180ml'),
	('LOREAL004', 'L’Oreal Paris Total Repair 5 Conditioner', 'GBO37', 'L’Oreal Paris', 'Conditioner that repairs damaged hair, restoring strength, softness, and shine.', 350.0, '12 months', '200ml'),
	('GUESS0001', 'Guess Seductive Women Fragrance Gift Set', 'CBO82', 'Guess', 'A luxurious fragrance gift set featuring Guess Seductive perfume with body lotion.', 2999.0, '24 months', '1 set'),
	('CHANEL001', 'Chanel No. 5 Fragrance Gift Set', 'CBO82', 'Chanel', 'Classic and timeless fragrance gift set with Chanel No. 5 perfume, body lotion, and shower gel.', 9999.0, '24 months', '1 set'),
	('DIOR00001', 'Dior J’adore Fragrance Gift Set', 'CBO82', 'Dior', 'Elegant fragrance gift set with Dior J’adore perfume, body lotion, and shower gel.', 8999.0, '24 months', '1 set'),
	('CHANEL002', 'Chanel No. 5 Women Fragrance', 'FBO29', 'Chanel', 'Timeless floral fragrance with notes of rose, jasmine, and vanilla, perfect for any occasion.', 8500.0, '24 months', '100ml'),
	('GUCCI0001', 'Gucci Bloom Women Fragrance', 'FBO29', 'Gucci', 'Floral fragrance with rich notes of tuberose, jasmine, and Rangoon creeper, creating a luxurious scent.', 6800.0, '24 months', '100ml'),
	('YVESSA001', 'Yves Saint Laurent Mon Paris Fragrance', 'FBO29', 'Yves Saint Laurent', 'Romantic fragrance with notes of red berries, pear, and patchouli for a passionate scent.', 7200.0, '24 months', '90ml');

-- 7. Suppliers Table
INSERT INTO Suppliers(SupplierID, Name, Location, Pincode) VALUES 
	('8693830643', 'Ashoka Industries',' Shop 4, Darshan Building, Market Road', '560034'),
	('1035678958', 'Shree Traders',' Shop 12, Lakshmi Complex, Lakshman Nagar', '560095'),
	('4590167685', 'Ganesh Enterprises',' 101, Greens commercial, Green Field', '560038'),
	('4180231793', 'Saraswati Supplies',' Shop 8, Silver Arcade, Silver Oak', '560071'),
	('6316109111', 'Lakshmi Traders',' Shop 7, Bhavani Market, Main Bazaar', '400001'),
	('6047460252', 'Kiran Industries',' Unit 3, Gokul Arcade, Linking Road', '400005'),
	('4531095048', 'Balaji Goods',' Shop 2, Patel Industrial Area, Fort Area', '500001'),
	('1501018110', 'Mohan Distributors',' Office 5B, Amber Towers, Amberpet', '500003'),
	('7601077887', 'National Suppliers',' 17, Trade Park, Anand Nagar', '395001'),
	('1100649431', 'Omkar Exporters',' Shop 11, Tulsi Plaza, Vesu Area', '395002'),
	('7939973936', 'Raj Traders',' Shop 21, Shakti Market, Mithakali', '380001'),
	('4227868368', 'Vinayak Corporation',' Office 2A, Galaxy Complex, Vejalpur', '380002'),
	('1091369473', 'Reliable Distributors',' Shop 3, Amrit Building, Sayajigunj', '390001'),
	('8087638192', 'Krishna Merchants',' Shop 6, Krishna Tower, Akota', '390002'),
	('9922639769', 'Narayana Exports',' Shop 9, Ratan Tower, Rajouri Garden', '110001'),
	('1015636174', 'Global Industries',' Office 14B, Arya Plaza, Connaught Place', '110002'),
	('1633619942', 'Sunrise Supplies',' Shop 5, Blue Star Market, Jalori Gate', '342001'),
	('3370427568', 'Unity Traders',' Office 22, Royal Enclave, Mandore Road', '342003'),
	('4952269766', 'Adarsh Suppliers',' Shop 2, Sheesh Mahal, Sindhi Camp', '302001'),
	('7581747891', 'Brighton Corporation',' Office 7, Orion Building, Malviya Nagar', '302002'),
	('5841016643', 'Mithra Enterprises',' Shop 4, Uday Complex, Hathipole', '313001'),
	('5129736529', 'Jeevan Merchants',' Shop 12, Rani Towers, Fatehpura', '313002'),
	('8006177847', 'Excel Industries',' Shop 1A, City Center, Sector 20', '160001'),
	('4773459206', 'Modern Traders',' Office 3B, Silver Plaza, Manimajra', '160002'),
	('1074655641', 'Prime Supplies',' Shop 10, Pearl Building, Hazratganj', '226001'),
	('6724827321', 'Apex Corporation',' Shop 14, Shree Complex, Alambagh', '226002'),
	('7894099210', 'Citywide Exports',' Shop 2, Margao Market, Panjim Market', '403001'),
	('5556329494', 'Sunshine Distributors',' Shop 3, Sunrise Plaza, Margao', '403002'),
	('8441120156', 'Unity Products',' Shop 5, Bay View, Broadway', '682001'),
	('8357489332', 'Dew Drops Traders',' Shop 8, Seaview Building, Marine Drive', '682002'),
	('3084099029', 'Metro Agencies',' Shop 4, Phoenix Plaza, Camp', '411001'),
	('8971953731', 'Neptune Supplies',' Shop 9, Coral Arcade, Wakad', '411002');

-- 8. Warehouses Table
INSERT INTO Warehouses(WarehouseID, Name, Location, Pincode) VALUES 
	('1156772220', 'Central Warehouse',' Block A, Industrial Hub, Market Road', '560034'),
	('4991901843', 'East End Storage',' Unit 2, Logistic Center, Lakshman Nagar', '560095'),
	('1006635601', 'Greenfield Depot',' Warehouse 3, Green Yard, Green Field', '560038'),
	('6659441213', 'Silver Storage',' Building 4, Silver Zone, Silver Oak', '560071'),
	('1103321324', 'Mumbai Central',' Warehouse 7, City Depot, Main Bazaar', '400001'),
	('1114847948', 'West Link Depot',' Block C, Business Park, Linking Road', '400005'),
	('2698544697', 'Fort Goods Storage',' Plot 9, Cargo Hub, Fort Area', '500001'),
	('1396117576', 'Amber Logistics',' Warehouse 6, Amber Tower, Amberpet', '500003'),
	('1841543963', 'Anand Storehouse',' Block D, Trade Center, Anand Nagar', '395001'),
	('1036297912', 'Vesu Storage',' Warehouse 12, Shree Plaza, Vesu Area', '395002'),
	('1286109407', 'Mithakali Depot',' Unit 3, Commerce Building, Mithakali', '380001'),
	('8646514900', 'Vejalpur Warehouse',' Warehouse 4, East End Market, Vejalpur', '380002'),
	('8688061966', 'Sayaji Storage',' Block B, Central Depot, Sayajigunj', '390001'),
	('1133712864', 'Akota Logistics',' Warehouse 2, Krishna Market, Akota', '390002'),
	('1338687858', 'Rajouri Central',' Warehouse 1, City Plaza, Rajouri Garden', '110001'),
	('1183553569', 'Connaught Depot',' Unit 5, Corporate Hub, Connaught Place', '110002'),
	('8188821628', 'Jalori Gate Storage',' Depot 4, Jalori Park, Jalori Gate', '342001'),
	('9999536974', 'Mandore Warehouse',' Warehouse 9, Logistic Point, Mandore Road', '342003'),
	('5217287581', 'Sindhi Camp Storage',' Unit 7, Bani Complex, Sindhi Camp', '302001'),
	('8424310644', 'Malviya Depot',' Warehouse 10, Malviya Plaza, Malviya Nagar', '302002'),
	('4741309245', 'Uday Storehouse',' Depot 8, Trading Park, Hathipole', '313001'),
	('8633037126', 'Fatehpura Storage',' Warehouse 11, City Trade Center, Fatehpura', '313002'),
	('2690824766', 'Sector 20 Warehouse',' Block A, Logistics Plaza, Sector 20', '160001'),
	('5549841355', 'Manimajra Depot',' Warehouse 5, Silver Square, Manimajra', '160002'),
	('4597243490', 'Hazratganj Depot',' Storage Unit 6, Pearl Tower, Hazratganj', '226001'),
	('2783002770', 'Alambagh Warehouse',' Warehouse 7, Apex Market, Alambagh', '226002'),
	('6869330662', 'Panjim Storage',' Unit 3, City Depot, Panjim Market', '403001'),
	('5782442835', 'Margao Central',' Warehouse 4, South Plaza, Margao', '403002'),
	('3861706422', 'Broadway Depot',' Depot 2, Coastal Hub, Broadway', '682001'),
	('1157935445', 'Marine Drive Storage',' Warehouse 1, Bay Complex, Marine Drive', '682002'),
	('1019800880', 'Camp Storage',' Unit 8, Mega Center, Camp', '411001'),
	('3334310904', 'Wakad Logistics',' Warehouse 5, Nova Building, Wakad', '411002');

-- 9. SupplyOrders Table
INSERT INTO SupplyOrders(SupplyOrderID, WarehouseID, SupplierID, SupplyDate) VALUES 
	('118600001', '1156772220', '8693830643', '2024-09-05 00:00:00'),
	('111000001', '1156772220', '1035678958', '2024-09-10 00:00:00'),
	('114500001', '1156772220', '4590167685', '2024-09-15 00:00:00'),
	('114100001', '1156772220', '4180231793', '2024-09-20 00:00:00'),
	('498600001', '4991901843', '8693830643', '2024-09-06 00:00:00'),
	('491000001', '4991901843', '1035678958', '2024-09-11 00:00:00'),
	('494500001', '4991901843', '4590167685', '2024-09-16 00:00:00'),
	('494100001', '4991901843', '4180231793', '2024-09-21 00:00:00'),
	('108600001', '1006635601', '8693830643', '2024-09-07 00:00:00'),
	('101000001', '1006635601', '1035678958', '2024-09-12 00:00:00'),
	('104500001', '1006635601', '4590167685', '2024-09-17 00:00:00'),
	('104100001', '1006635601', '4180231793', '2024-09-22 00:00:00'),
	('668600001', '6659441213', '8693830643', '2024-09-08 00:00:00'),
	('661000001', '6659441213', '1035678958', '2024-09-13 00:00:00'),
	('664500001', '6659441213', '4590167685', '2024-09-18 00:00:00'),
	('664100001', '6659441213', '4180231793', '2024-09-23 00:00:00'),
	('116300001', '1103321324', '6316109111', '2024-09-09 00:00:00'),
	('116000001', '1103321324', '6047460252', '2024-09-14 00:00:00'),
	('116300002', '1103321324', '6316109111', '2024-09-19 00:00:00'),
	('11630003', '1114847948', '6316109111', '2024-09-10 00:00:00'),
	('116000002', '1114847948', '6047460252', '2024-09-15 00:00:00'),
	('1163004', '1114847948', '6316109111', '2024-09-20 00:00:00'),
	('264500001', '2698544697', '4531095048', '2024-09-11 00:00:00'),
	('261500001', '2698544697', '1501018110', '2024-09-16 00:00:00'),
	('264500002', '2698544697', '4531095048', '2024-09-21 00:00:00'),
	('134500001', '1396117576', '4531095048', '2024-09-12 00:00:00'),
	('131500001', '1396117576', '1501018110', '2024-09-17 00:00:00'),
	('134500002', '1396117576', '4531095048', '2024-09-22 00:00:00'),
	('187600001', '1841543963', '7601077887', '2024-09-13 00:00:00'),
	('181100001', '1841543963', '1100649431', '2024-09-18 00:00:00'),
	('187600002', '1841543963', '7601077887', '2024-09-23 00:00:00'),
	('107600001', '1036297912', '7601077887', '2024-09-14 00:00:00'),
	('101100001', '1036297912', '1100649431', '2024-09-19 00:00:00'),
	('107600002', '1036297912', '7601077887', '2024-09-24 00:00:00'),
	('127900001', '1286109407', '7939973936', '2024-09-15 00:00:00'),
	('124200001', '1286109407', '4227868368', '2024-09-20 00:00:00'),
	('127900002', '1286109407', '7939973936', '2024-09-25 00:00:00'),
	('867900001', '8646514900', '7939973936', '2024-09-16 00:00:00'),
	('864200001', '8646514900', '4227868368', '2024-09-21 00:00:00'),
	('867900002', '8646514900', '7939973936', '2024-09-26 00:00:00'),
	('861000001', '8688061966', '1091369473', '2024-09-17 00:00:00'),
	('868000001', '8688061966', '8087638192', '2024-09-22 00:00:00'),
	('861000002', '8688061966', '1091369473', '2024-09-27 00:00:00'),
	('111000002', '1133712864', '1091369473', '2024-09-18 00:00:00'),
	('118000001', '1133712864', '8087638192', '2024-09-23 00:00:00'),
	('11100003', '1133712864', '1091369473', '2024-09-28 00:00:00'),
	('139900001', '1338687858', '9922639769', '2024-09-19 00:00:00'),
	('131000001', '1338687858', '1015636174', '2024-09-24 00:00:00'),
	('139900002', '1338687858', '9922639769', '2024-09-29 00:00:00'),
	('119900001', '1183553569', '9922639769', '2024-09-20 00:00:00'),
	('1110004', '1183553569', '1015636174', '2024-09-25 00:00:00'),
	('119900002', '1183553569', '9922639769', '2024-09-30 00:00:00'),
	('811600001', '8188821628', '1633619942', '2024-09-21 00:00:00'),
	('813300001', '8188821628', '3370427568', '2024-09-26 00:00:00'),
	('811600002', '8188821628', '1633619942', '2024-10-01 00:00:00'),
	('991600001', '9999536974', '1633619942', '2024-09-22 00:00:00'),
	('993300001', '9999536974', '3370427568', '2024-09-27 00:00:00'),
	('991600002', '9999536974', '1633619942', '2024-10-02 00:00:00'),
	('524900001', '5217287581', '4952269766', '2024-09-23 00:00:00'),
	('527500001', '5217287581', '7581747891', '2024-09-28 00:00:00'),
	('524900002', '5217287581', '4952269766', '2024-10-03 00:00:00'),
	('844900001', '8424310644', '4952269766', '2024-09-24 00:00:00'),
	('847500001', '8424310644', '7581747891', '2024-09-29 00:00:00'),
	('844900002', '8424310644', '4952269766', '2024-10-04 00:00:00'),
	('475800001', '4741309245', '5841016643', '2024-09-25 00:00:00'),
	('475100001', '4741309245', '5129736529', '2024-09-30 00:00:00'),
	('475800002', '4741309245', '5841016643', '2024-10-05 00:00:00'),
	('865800001', '8633037126', '5841016643', '2024-09-26 00:00:00'),
	('865100001', '8633037126', '5129736529', '2024-10-01 00:00:00'),
	('865800002', '8633037126', '5841016643', '2024-10-06 00:00:00'),
	('268000001', '2690824766', '8006177847', '2024-09-27 00:00:00'),
	('264700001', '2690824766', '4773459206', '2024-10-02 00:00:00'),
	('268000002', '2690824766', '8006177847', '2024-10-07 00:00:00'),
	('558000001', '5549841355', '8006177847', '2024-09-28 00:00:00'),
	('554700001', '5549841355', '4773459206', '2024-10-03 00:00:00'),
	('558000002', '5549841355', '8006177847', '2024-10-08 00:00:00'),
	('451000001', '4597243490', '1074655641', '2024-09-29 00:00:00'),
	('456700001', '4597243490', '6724827321', '2024-10-04 00:00:00'),
	('451000002', '4597243490', '1074655641', '2024-10-09 00:00:00'),
	('271000001', '2783002770', '1074655641', '2024-09-30 00:00:00'),
	('276700001', '2783002770', '6724827321', '2024-10-05 00:00:00'),
	('271000002', '2783002770', '1074655641', '2024-10-10 00:00:00'),
	('687800001', '6869330662', '7894099210', '2024-10-01 00:00:00'),
	('685500001', '6869330662', '5556329494', '2024-10-06 00:00:00'),
	('687800002', '6869330662', '7894099210', '2024-10-11 00:00:00'),
	('577800001', '5782442835', '7894099210', '2024-10-02 00:00:00'),
	('575500001', '5782442835', '5556329494', '2024-10-07 00:00:00'),
	('577800002', '5782442835', '7894099210', '2024-10-12 00:00:00'),
	('388400001', '3861706422', '8441120156', '2024-10-03 00:00:00'),
	('388300001', '3861706422', '8357489332', '2024-10-08 00:00:00'),
	('388400002', '3861706422', '8441120156', '2024-10-13 00:00:00'),
	('118400001', '1157935445', '8441120156', '2024-10-04 00:00:00'),
	('118300001', '1157935445', '8357489332', '2024-10-09 00:00:00'),
	('118400002', '1157935445', '8441120156', '2024-10-14 00:00:00'),
	('103000001', '1019800880', '3084099029', '2024-10-05 00:00:00'),
	('108900001', '1019800880', '8971953731', '2024-10-10 00:00:00'),
	('103000002', '1019800880', '3084099029', '2024-10-15 00:00:00'),
	('333000001', '3334310904', '3084099029', '2024-10-06 00:00:00'),
	('338900001', '3334310904', '8971953731', '2024-10-11 00:00:00'),
	('333000002', '3334310904', '3084099029', '2024-10-16 00:00:00');	

-- 10. Inventory Table
INSERT INTO Inventory(InventoryID,WarehouseID,ProdID,Quantity,Min_Quantity,SupplyOrderID) VALUES 
	('INV0000001','8424310644','LORALP003',100,20,844900002), 
	('INV0000002','2783002770','MAYBEL0010',100,20,276700001), 
	('INV0000003','9999536974','RANDPU001',100,20,993300001), 
	('INV0000004','1036297912','REMING001',100,20,107600001), 
	('INV0000005','5549841355','KAILAS001',100,20,558000002), 
	('INV0000006','1036297912','CAPTAI001',100,20,107600002), 
	('INV0000007','2698544697','PARACH002',100,20,264500002), 
	('INV0000008','9999536974','TATATE003',100,20,991600001), 
	('INV0000009','8188821628','TATATE003',100,20,811600001), 
	('INV0000010','1156772220','BAKERS001',100,20,118600001), 
	('INV0000011','1841543963','TETLEY001',100,20,187600002), 
	('INV0000012','1006635601','DYSON0001',100,20,104100001), 
	('INV0000013','5217287581','PENGUI004',100,20,527500001), 
	('INV0000014','3861706422','PANTEN002',100,20,388400002), 
	('INV0000015','6659441213','CADBUR005',100,20,661000001), 
	('INV0000016','2690824766','LAZIZ0001',100,20,268000002), 
	('INV0000017','1133712864','PANTEN003',100,20,11100003), 
	('INV0000018','1396117576','KWALIT001',100,20,131500001), 
	('INV0000019','1006635601','PENGUI004',100,20,108600001), 
	('INV0000020','2690824766','HALDIR001',100,20,264700001), 
	('INV0000021','8188821628','MEO000001',100,20,813300001), 
	('INV0000022','8688061966','NESTLE008',100,20,868000001), 
	('INV0000023','8688061966','PIGEON005',100,20,868000001), 
	('INV0000024','6659441213','HERSHE003',100,20,664500001), 
	('INV0000025','4597243490','OLAY00001',100,20,451000002), 
	('INV0000026','8424310644','MOMME0001',100,20,847500001), 
	('INV0000027','1338687858','TETLEY001',100,20,139900001), 
	('INV0000028','1156772220','BIOTIQ001',100,20,114500001), 
	('INV0000029','1286109407','HARPER001',100,20,127900002), 
	('INV0000030','1157935445','FRESHT004',100,20,118400001), 
	('INV0000031','9999536974','PEDIGR001',100,20,991600002), 
	('INV0000032','1396117576','PAMPER002',100,20,134500002), 
	('INV0000033','3334310904','PANTEN002',100,20,333000002), 
	('INV0000034','1396117576','CATCH0001',100,20,134500001), 
	('INV0000035','1286109407','LAKME0011',100,20,127900001), 
	('INV0000036','8688061966','GARNIE001',100,20,861000002), 
	('INV0000037','1006635601','WETNWI001',100,20,108600001), 
	('INV0000038','6659441213','PENGUI004',100,20,668600001), 
	('INV0000039','5549841355','LAKME0011',100,20,554700001), 
	('INV0000040','1103321324','CADBUR006',100,20,116300002), 
	('INV0000041','1006635601','FISHBA001',100,20,104500001), 
	('INV0000042','5217287581','TIDYCA001',100,20,524900002), 
	('INV0000043','1156772220','FISHBA001',100,20,111000001), 
	('INV0000044','3334310904','TATATE001',100,20,338900001), 
	('INV0000045','5217287581','FRESHT004',100,20,524900001), 
	('INV0000046','1157935445','LORALP003',100,20,118300001), 
	('INV0000047','1396117576','PIGEON002',100,20,134500001), 
	('INV0000048','6869330662','PENGUI003',100,20,687800002), 
	('INV0000049','1103321324','PIGEON002',100,20,116300002), 
	('INV0000050','1286109407','HERBAL001',100,20,127900001), 
	('INV0000051','1019800880','HERSHE003',100,20,103000002), 
	('INV0000052','1019800880','CRAFTS001',100,20,108900001), 
	('INV0000053','8688061966','GODREJ001',100,20,861000002), 
	('INV0000054','1396117576','NAIR00001',100,20,131500001), 
	('INV0000055','8646514900','PARACH002',100,20,864200001), 
	('INV0000056','1103321324','NINARI001',100,20,116300001), 
	('INV0000057','2783002770','CAPTAI001',100,20,271000001), 
	('INV0000058','2698544697','PIGEON002',100,20,264500001), 
	('INV0000059','1114847948','LORALP003',100,20,11630003), 
	('INV0000060','4597243490','DOVE00003',100,20,456700001), 
	('INV0000061','2690824766','MAYBEL0010',100,20,264700001), 
	('INV0000062','8188821628','YVESSA001',100,20,811600002), 
	('INV0000063','1133712864','THEBOD003',100,20,11100003), 
	('INV0000064','5217287581','HUGGIE001',100,20,524900001), 
	('INV0000065','6659441213','RAMESH001',100,20,664500001), 
	('INV0000066','8424310644','PEDIGR002',100,20,844900001), 
	('INV0000067','1036297912','RAMESH001',100,20,101100001), 
	('INV0000068','8688061966','FREEPR001',100,20,861000001), 
	('INV0000069','2783002770','GERBER001',100,20,276700001), 
	('INV0000070','2690824766','KWALIT001',100,20,268000001), 
	('INV0000071','3861706422','PENGUI003',100,20,388400002), 
	('INV0000072','8424310644','HUGGIE003',100,20,847500001), 
	('INV0000073','9999536974','HEADSU003',100,20,993300001), 
	('INV0000074','5549841355','REMING001',100,20,558000002), 
	('INV0000075','1006635601','TATATE001',100,20,101000001), 
	('INV0000076','2783002770','TETLEY001',100,20,271000002), 
	('INV0000077','1156772220','WETNWI001',100,20,118600001), 
	('INV0000078','3334310904','HIMALA001',100,20,333000001), 
	('INV0000079','1338687858','REMING001',100,20,131000001), 
	('INV0000080','1036297912','FARRAR001',100,20,107600001), 
	('INV0000081','1006635601','BABYGA001',100,20,104100001), 
	('INV0000082','1133712864','REMING001',100,20,118000001), 
	('INV0000083','1156772220','PENGUI004',100,20,118600001), 
	('INV0000084','1114847948','PANTEN003',100,20,116000002), 
	('INV0000085','1103321324','LORALP003',100,20,116300001), 
	('INV0000086','8646514900','HERSHE003',100,20,867900002), 
	('INV0000087','8688061966','LAKME0009',100,20,861000001), 
	('INV0000088','2690824766','CADBUR006',100,20,268000001), 
	('INV0000089','6659441213','HARVAR001',100,20,664100001), 
	('INV0000090','5217287581','THEBOD001',100,20,524900002), 
	('INV0000091','8646514900','LAKME0011',100,20,867900001), 
	('INV0000092','1019800880','LICIOU002',100,20,103000001), 
	('INV0000093','8188821628','STARBU002',100,20,811600001), 
	('INV0000094','3861706422','CAPTAI001',100,20,388300001), 
	('INV0000095','1006635601','GODREJ002',100,20,104100001), 
	('INV0000096','1103321324','PHILIP004',100,20,116300002), 
	('INV0000097','2690824766','LORALP0010',100,20,268000001), 
	('INV0000098','1156772220','PANTEN001',100,20,111000001), 
	('INV0000099','2783002770','BIOTIQ001',100,20,271000002), 
	('INV0000100','1156772220','MAYBEL006',100,20,114100001), 
	('INV0000101','9999536974','LORALP003',100,20,991600002), 
	('INV0000102','1157935445','HARPER002',100,20,118400002), 
	('INV0000103','1157935445','PHILIP004',100,20,118400002), 
	('INV0000104','3861706422','GODREJ001',100,20,388400001), 
	('INV0000105','1286109407','RAMESH001',100,20,124200001), 
	('INV0000106','3334310904','LORALP0010',100,20,338900001), 
	('INV0000107','1019800880','FREEPR001',100,20,108900001), 
	('INV0000108','5217287581','PEDIGR002',100,20,524900001), 
	('INV0000109','5782442835','MAYBEL0010',100,20,577800001), 
	('INV0000110','1114847948','PEDIGR002',100,20,1163004), 
	('INV0000111','6659441213','HIMALA001',100,20,664500001), 
	('INV0000112','1036297912','ORGANI002',100,20,101100001), 
	('INV0000113','6659441213','BAKERS001',100,20,668600001), 
	('INV0000114','1286109407','THEBOD003',100,20,127900002), 
	('INV0000115','1338687858','BRU000003',100,20,139900002), 
	('INV0000116','1338687858','PHILIP005',100,20,139900001), 
	('INV0000117','4991901843','PHILIP004',100,20,491000001), 
	('INV0000118','1183553569','PENGUI002',100,20,119900002), 
	('INV0000119','1114847948','SAFETY001',100,20,116000002), 
	('INV0000120','6659441213','PAMPER005',100,20,664100001), 
	('INV0000121','1396117576','CRAFTS001',100,20,134500001), 
	('INV0000122','9999536974','MAMAEA002',100,20,991600001), 
	('INV0000123','1157935445','MAC000001',100,20,118300001), 
	('INV0000124','2698544697','CATCH0001',100,20,264500001), 
	('INV0000125','9999536974','INNISF001',100,20,991600002), 
	('INV0000126','5217287581','HIMALA001',100,20,524900002), 
	('INV0000127','1114847948','HARPER001',100,20,1163004), 
	('INV0000128','6659441213','SOYPRO001',100,20,664100001), 
	('INV0000129','1156772220','FARRAR001',100,20,111000001), 
	('INV0000130','1036297912','HARVAR001',100,20,107600001), 
	('INV0000131','1396117576','MAYBEL006',100,20,131500001), 
	('INV0000132','3334310904','LIPTON004',100,20,333000002), 
	('INV0000133','1841543963','HALDIR001',100,20,187600002), 
	('INV0000134','4991901843','MAYBEL002',100,20,494500001), 
	('INV0000135','4597243490','CAPTAI001',100,20,451000001), 
	('INV0000136','1183553569','PENGUI001',100,20,1110004), 
	('INV0000137','1006635601','THEBOD001',100,20,104500001), 
	('INV0000138','1841543963','HERSHE003',100,20,187600002), 
	('INV0000139','1114847948','TEMPTA001',100,20,1163004), 
	('INV0000140','1019800880','HIMALA001',100,20,103000001), 
	('INV0000141','1183553569','PHILIP005',100,20,119900001), 
	('INV0000142','8188821628','MAMAEA002',100,20,811600001), 
	('INV0000143','1156772220','TRESEM002',100,20,114500001), 
	('INV0000144','1183553569','LAVAZZ001',100,20,1110004), 
	('INV0000145','6869330662','LAZIZ0001',100,20,687800002), 
	('INV0000146','5217287581','LOREAL002',100,20,527500001), 
	('INV0000147','1183553569','TETLEY001',100,20,119900001), 
	('INV0000148','1006635601','PIGEON002',100,20,104500001), 
	('INV0000149','2698544697','AMUL00001',100,20,261500001), 
	('INV0000150','1157935445','CADBUR004',100,20,118400002), 
	('INV0000151','2783002770','PAMPER001',100,20,271000001), 
	('INV0000152','1157935445','WETNWI001',100,20,118300001), 
	('INV0000153','1114847948','TATATE004',100,20,11630003), 
	('INV0000154','5782442835','MAMAEA002',100,20,575500001), 
	('INV0000155','1114847948','HALDIR001',100,20,116000002), 
	('INV0000156','1338687858','MAYBEL002',100,20,139900002), 
	('INV0000157','8424310644','BEARDO001',100,20,844900002), 
	('INV0000158','9999536974','STARBU002',100,20,991600001), 
	('INV0000159','1133712864','FREEPR001',100,20,111000002), 
	('INV0000160','1019800880','INNISF001',100,20,103000002), 
	('INV0000161','2783002770','LIPTON004',100,20,276700001), 
	('INV0000162','8646514900','BABYGA001',100,20,867900001), 
	('INV0000163','8688061966','THEBOD001',100,20,861000002), 
	('INV0000164','1286109407','LORALP011',100,20,124200001), 
	('INV0000165','1156772220','LAVAZZ001',100,20,114100001), 
	('INV0000166','8188821628','REMING001',100,20,811600002), 
	('INV0000167','4991901843','TEMPTA001',100,20,494100001), 
	('INV0000168','1019800880','MAPLEF001',100,20,103000001), 
	('INV0000169','3334310904','MAPLEF001',100,20,333000001), 
	('INV0000170','3861706422','INDIAT001',100,20,388300001), 
	('INV0000171','5782442835','LAKME0011',100,20,577800002), 
	('INV0000172','4991901843','NANDIN001',100,20,494500001), 
	('INV0000173','1133712864','HUGGIE001',100,20,118000001), 
	('INV0000174','4991901843','DOVE00002',100,20,491000001), 
	('INV0000175','8646514900','HUGGIE001',100,20,867900002), 
	('INV0000176','4991901843','WETNWI001',100,20,498600001), 
	('INV0000177','5782442835','BRU000004',100,20,577800002), 
	('INV0000178','9999536974','BRU000003',100,20,993300001), 
	('INV0000179','8188821628','PAMPER005',100,20,811600002), 
	('INV0000180','1114847948','NINARI001',100,20,11630003), 
	('INV0000181','6659441213','PIGEON002',100,20,661000001), 
	('INV0000182','8646514900','BEARDO001',100,20,867900002), 
	('INV0000183','4991901843','LAKME00010',100,20,494500001), 
	('INV0000184','1103321324','PANTEN002',100,20,116000001), 
	('INV0000185','3861706422','BAKERS001',100,20,388300001), 
	('INV0000186','1006635601','PIGEON002',100,20,101000001), 
	('INV0000187','1338687858','DYSON0001',100,20,139900002), 
	('INV0000188','6869330662','LORALP011',100,20,685500001), 
	('INV0000189','2698544697','REMING001',100,20,261500001), 
	('INV0000190','8424310644','HUGGIE001',100,20,844900001), 
	('INV0000191','3861706422','PIGEON005',100,20,388400001), 
	('INV0000192','3861706422','PENGUI001',100,20,388400002), 
	('INV0000193','8688061966','HARPER001',100,20,868000001), 
	('INV0000194','1183553569','WETNWI001',100,20,119900002), 
	('INV0000195','3334310904','MAMAEA002',100,20,338900001), 
	('INV0000196','4991901843','FRESHT003',100,20,491000001), 
	('INV0000197','1841543963','PANTEN002',100,20,181100001), 
	('INV0000198','5217287581','PRASUM001',100,20,527500001), 
	('INV0000199','1157935445','GODREJ001',100,20,118400001), 
	('INV0000200','3334310904','LAKME0011',100,20,333000002), 
	('INV0000201','8424310644','CADBUR004',100,20,844900002), 
	('INV0000202','1103321324','CAPTAI001',100,20,116000001), 
	('INV0000203','5782442835','MOMME0001',100,20,577800001), 
	('INV0000204','1396117576','STARBU002',100,20,134500002), 
	('INV0000205','1183553569','BAKERS001',100,20,1110004), 
	('INV0000206','1338687858','PAMPER003',100,20,131000001), 
	('INV0000207','2698544697','HALDIR001',100,20,264500002), 
	('INV0000208','1841543963','REMING001',100,20,187600001), 
	('INV0000209','8646514900','HORLIC001',100,20,864200001), 
	('INV0000210','1006635601','DABUR0001',100,20,101000001), 
	('INV0000211','8688061966','MCGRAW001',100,20,861000001), 
	('INV0000212','5782442835','LORALP003',100,20,575500001), 
	('INV0000213','1286109407','FISHBA001',100,20,124200001), 
	('INV0000214','1036297912','LAKME0003',100,20,107600002), 
	('INV0000215','1396117576','HUGGIE002',100,20,134500002), 
	('INV0000216','5782442835','WETNWI001',100,20,577800002), 
	('INV0000217','2698544697','WETNWI001',100,20,264500002), 
	('INV0000218','1286109407','BABYGA001',100,20,127900001), 
	('INV0000219','1006635601','BAKERS001',100,20,108600001), 
	('INV0000220','8646514900','THEBOD003',100,20,864200001), 
	('INV0000221','1133712864','LAKME0009',100,20,111000002), 
	('INV0000222','5549841355','LOREAL002',100,20,554700001), 
	('INV0000223','1156772220','KAILAS001',100,20,114100001), 
	('INV0000224','1019800880','MAYBEL002',100,20,103000002), 
	('INV0000225','5782442835','PHILIP004',100,20,577800001), 
	('INV0000226','6659441213','HARPER001',100,20,661000001), 
	('INV0000227','4597243490','DABUR0001',100,20,456700001), 
	('INV0000228','2690824766','DOVE00002',100,20,268000002), 
	('INV0000229','8188821628','CADBUR004',100,20,813300001), 
	('INV0000230','1157935445','PIGEON005',100,20,118400001), 
	('INV0000231','2690824766','HEADSU003',100,20,268000002), 
	('INV0000232','1338687858','PANTEN003',100,20,139900001), 
	('INV0000233','8188821628','LAKME0009',100,20,813300001), 
	('INV0000234','1183553569','DOVE00002',100,20,119900002), 
	('INV0000235','4597243490','LAKME0007',100,20,451000002), 
	('INV0000236','1103321324','GARNIE001',100,20,116000001), 
	('INV0000237','1019800880','SOYPRO001',100,20,108900001), 
	('INV0000238','6869330662','PANTEN002',100,20,685500001), 
	('INV0000239','1133712864','MCGRAW001',100,20,111000002), 
	('INV0000240','1286109407','NINARI001',100,20,127900002), 
	('INV0000241','6869330662','MAYBEL0010',100,20,687800001), 
	('INV0000242','4597243490','TEMPTA001',100,20,456700001), 
	('INV0000243','1133712864','PRASUM001',100,20,118000001), 
	('INV0000244','6869330662','PENGUI004',100,20,685500001), 
	('INV0000245','5549841355','FREEPR001',100,20,554700001), 
	('INV0000246','8646514900','HERBAL001',100,20,867900001), 
	('INV0000247','1841543963','FREEPR001',100,20,181100001), 
	('INV0000248','6869330662','PENGUI002',100,20,687800002), 
	('INV0000249','1156772220','NESTLE008',100,20,114500001), 
	('INV0000250','5549841355','NESTLE003',100,20,558000002), 
	('INV0000251','4597243490','PAMPER001',100,20,451000001), 
	('INV0000252','4991901843','BRU000004',100,20,494100001), 
	('INV0000253','6869330662','PHILIP004',100,20,687800001), 
	('INV0000254','6869330662','MOMME0001',100,20,687800001), 
	('INV0000255','1338687858','LAKME0004',100,20,131000001), 
	('INV0000256','2690824766','THEBOD003',100,20,264700001), 
	('INV0000257','4597243490','TROPIC001',100,20,451000002), 
	('INV0000258','8424310644','FACESC001',100,20,847500001), 
	('INV0000259','2783002770','FRESHT003',100,20,271000002), 
	('INV0000260','1133712864','CADBUR002',100,20,11100003), 
	('INV0000261','2698544697','MAYBEL012',100,20,261500001), 
	('INV0000262','4991901843','BAKERS001',100,20,498600001), 
	('INV0000263','5549841355','KWALIT001',100,20,558000001), 
	('INV0000264','1183553569','PANTEN003',100,20,119900001), 
	('INV0000265','1841543963','HARVAR001',100,20,187600001), 
	('INV0000266','5549841355','CADBUR006',100,20,558000001), 
	('INV0000267','3334310904','LICIOU002',100,20,333000001), 
	('INV0000268','1841543963','PENGUI003',100,20,181100001), 
	('INV0000269','5782442835','CADBUR002',100,20,575500001), 
	('INV0000270','4991901843','PENGUI004',100,20,498600001), 
	('INV0000271','6659441213','WETNWI001',100,20,668600001), 
	('INV0000272','1841543963','FARRAR001',100,20,187600001), 
	('INV0000273','3861706422','FRESHT004',100,20,388400001), 
	('INV0000274','5549841355','LORALP0010',100,20,558000001), 
	('INV0000275','8424310644','FRESHT004',100,20,844900001), 
	('INV0000276','1103321324','TATATE004',100,20,116300001), 
	('INV0000277','2698544697','CRAFTS001',100,20,264500001), 
	('INV0000278','1036297912','WHISKA002',100,20,107600002); 

-- 11. SupplyOrderDetails Table
INSERT INTO SupplyOrderDetails(SupplyOrderID,ProdID,Quantity,Price,Total) VALUES 
	('118600001','WETNWI001',101,447.44,45191.44),
	('118600001','BAKERS001',101,383.9936,38783.3536),
	('118600001','PENGUI004',103,264.9947,27294.454100000003),
	('111000001','PANTEN001',105,135.0,14175.0),
	('111000001','FARRAR001',105,269.994,28349.370000000003),
	('111000001','FISHBA001',101,471.9941,47671.4041),
	('114500001','NESTLE008',101,76.5,7726.5),
	('114500001','BIOTIQ001',105,382.5,40162.5),
	('114500001','TRESEM002',103,423.47,43617.41),
	('114100001','MAYBEL006',102,284.43,29011.86),
	('114100001','LAVAZZ001',100,315.0,31500.0),
	('114100001','KAILAS001',104,227.9943,23711.4072),
	('498600001','WETNWI001',100,447.44,44744.0),
	('498600001','BAKERS001',101,389.99350000000004,39389.3435),
	('498600001','PENGUI004',100,274.9945,27499.45),
	('491000001','FRESHT003',102,184.79340000000002,18848.9268),
	('491000001','DOVE00002',101,166.82999999999998,16849.829999999998),
	('491000001','PHILIP004',101,1300.0,131300.0),
	('494500001','LAKME00010',104,213.5,22204.0),
	('494500001','NANDIN001',102,94.4937,9638.3574),
	('494500001','MAYBEL002',101,102.0,10302.0),
	('494100001','TEMPTA001',101,65.9934,6665.3333999999995),
	('494100001','BRU000004',101,117.0,11817.0),
	('108600001','WETNWI001',104,495.38,51519.52),
	('108600001','BAKERS001',100,359.994,35999.4),
	('108600001','PENGUI004',100,289.9942,28999.42),
	('101000001','PIGEON002',103,206.4941,21268.8923),
	('101000001','TATATE001',100,99.0,9900.0),
	('101000001','DABUR0001',103,78.0,8034.0),
	('104500001','PIGEON002',105,195.9944,20579.412),
	('104500001','FISHBA001',104,551.9931,57407.282400000004),
	('104500001','THEBOD001',100,130.0,13000.0),
	('104100001','DYSON0001',102,19999.5,2039949.0),
	('104100001','GODREJ002',105,53.1,5575.5),
	('104100001','BABYGA001',102,191.99360000000001,19583.3472),
	('668600001','WETNWI001',105,487.39,51175.95),
	('668600001','BAKERS001',100,329.9945,32999.450000000004),
	('668600001','PENGUI004',102,324.99350000000004,33149.33700000001),
	('661000001','PIGEON002',103,178.4949,18384.9747),
	('661000001','CADBUR005',100,82.4945,8249.45),
	('661000001','HARPER001',103,251.99370000000002,25955.351100000003),
	('664500001','HIMALA001',100,144.9942,14499.42),
	('664500001','RAMESH001',102,194.9935,19889.337),
	('664500001','HERSHE003',102,23.2,2366.4),
	('664100001','HARVAR001',104,1600.0,166400.0),
	('664100001','PAMPER005',103,197.9934,20393.320200000002),
	('664100001','SOYPRO001',103,59.4,6118.2),
	('116300001','NINARI001',104,528.0,54912.0),
	('116300001','TATATE004',102,82.5,8415.0),
	('116300001','LORALP003',102,353.41,36047.82),
	('116000001','GARNIE001',100,103.48,10348.0),
	('116000001','PANTEN002',105,115.2,12096.0),
	('116000001','CAPTAI001',105,319.9936,33599.328),
	('116300002','PIGEON002',101,213.4939,21562.8839),
	('116300002','CADBUR006',103,118.8,12236.4),
	('116300002','PHILIP004',105,1575.0,165375.0),
	('11630003','NINARI001',102,496.0,50592.0),
	('11630003','TATATE004',104,97.5,10140.0),
	('11630003','LORALP003',101,407.32,41139.32),
	('116000002','HALDIR001',104,115.9942,12063.3968),
	('116000002','PANTEN003',100,118.8,11880.0),
	('116000002','SAFETY001',105,619.9938,65099.348999999995),
	('1163004','HARPER001',104,219.9945,22879.428),
	('1163004','PEDIGR002',103,88.4941,9114.8923),
	('1163004','TEMPTA001',101,66.9933,6766.323300000001),
	('264500001','CRAFTS001',104,209.994,21839.376),
	('264500001','CATCH0001',104,26.4,2745.6),
	('264500001','PIGEON002',101,195.9944,19795.434400000002),
	('261500001','MAYBEL012',104,211.47,21992.88),
	('261500001','REMING001',105,1144.0,120120.0),
	('261500001','AMUL00001',105,44.0937,4629.8385),
	('264500002','HALDIR001',100,113.99430000000001,11399.43),
	('264500002','PARACH002',104,122.4,12729.6),
	('264500002','WETNWI001',102,455.43,46453.86),
	('134500001','CRAFTS001',104,237.9932,24751.2928),
	('134500001','CATCH0001',105,24.4,2562.0),
	('134500001','PIGEON002',101,178.4949,18027.9849),
	('131500001','KWALIT001',100,123.99380000000001,12399.380000000001),
	('131500001','MAYBEL006',103,334.33,34435.99),
	('131500001','NAIR00001',101,127.36,12863.36),
	('134500002','HUGGIE002',101,457.4939,46206.8839),
	('134500002','PAMPER002',105,209.993,22049.265),
	('134500002','STARBU002',100,137.5,13750.0),
	('187600001','REMING001',105,1144.0,120120.0),
	('187600001','HARVAR001',100,1600.0,160000.0),
	('187600001','FARRAR001',100,283.4937,28349.37),
	('181100001','PENGUI003',102,149.995,15299.49),
	('181100001','FREEPR001',100,231.9942,23199.420000000002),
	('181100001','PANTEN002',102,90.0,9180.0),
	('187600002','HERSHE003',105,21.200000000000003,2226.0000000000005),
	('187600002','TETLEY001',104,118.0,12272.0),
	('187600002','HALDIR001',100,113.99430000000001,11399.43),
	('107600001','REMING001',103,1518.0,156354.0),
	('107600001','HARVAR001',100,1275.0,127500.0),
	('107600001','FARRAR001',105,242.9946,25514.432999999997),
	('101100001','ORGANI002',101,106.0,10706.0),
	('101100001','RAMESH001',104,173.9942,18095.396800000002),
	('107600002','WHISKA002',105,82.7931,8693.2755),
	('107600002','CAPTAI001',103,269.9946,27809.4438),
	('107600002','LAKME0003',102,210.0,21420.0),
	('127900001','LAKME0011',102,178.5,18207.0),
	('127900001','BABYGA001',105,179.994,18899.37),
	('127900001','HERBAL001',101,482.31,48713.31),
	('124200001','RAMESH001',102,149.995,15299.49),
	('124200001','LORALP011',105,397.5,41737.5),
	('124200001','FISHBA001',104,415.9948,43263.4592),
	('127900002','NINARI001',101,448.0,45248.0),
	('127900002','HARPER001',105,247.9938,26039.349),
	('127900002','THEBOD003',104,306.0,31824.0),
	('867900001','LAKME0011',102,192.5,19635.0),
	('867900001','BABYGA001',101,194.9935,19694.343500000003),
	('867900001','HERBAL001',102,440.37,44917.74),
	('864200001','THEBOD003',102,408.0,41616.0),
	('864200001','HORLIC001',102,203.0,20706.0),
	('864200001','PARACH002',101,90.0,9090.0),
	('867900002','HERSHE003',100,28.0,2800.0),
	('867900002','BEARDO001',102,223.9944,22847.4288),
	('867900002','HUGGIE001',103,149.994,15449.382),
	('861000001','MCGRAW001',101,227.4935,22976.843500000003),
	('861000001','LAKME0009',105,185.5,19477.5),
	('861000001','FREEPR001',103,251.99370000000002,25955.351100000003),
	('868000001','NESTLE008',101,94.5,9544.5),
	('868000001','HARPER001',104,279.993,29119.272),
	('868000001','PIGEON005',103,1119.9944,115359.4232),
	('861000002','GODREJ001',103,98.9945,10196.433500000001),
	('861000002','GARNIE001',104,103.48,10761.92),
	('861000002','THEBOD001',100,134.0,13400.0),
	('111000002','MCGRAW001',103,209.994,21629.382),
	('111000002','LAKME0009',102,175.0,17850.0),
	('111000002','FREEPR001',105,271.9932,28559.286),
	('118000001','REMING001',103,1320.0,135960.0),
	('118000001','HUGGIE001',103,139.99439999999998,14419.4232),
	('118000001','PRASUM001',103,105.99470000000001,10917.4541),
	('11100003','THEBOD003',103,336.0,34608.0),
	('11100003','PANTEN003',103,149.6,15408.8),
	('11100003','CADBUR002',102,254.9949,26009.4798),
	('139900001','TETLEY001',104,136.0,14144.0),
	('139900001','PANTEN003',104,147.39999999999998,15329.599999999999),
	('139900001','PHILIP005',102,756.0,77112.0),
	('131000001','REMING001',101,1452.0,146652.0),
	('131000001','LAKME0004',105,297.0,31185.0),
	('131000001','PAMPER003',104,139.993,14559.271999999999),
	('139900002','DYSON0001',101,20799.48,2100747.48),
	('139900002','BRU000003',105,102.0,10710.0),
	('139900002','MAYBEL002',100,138.0,13800.0),
	('119900001','TETLEY001',101,104.0,10504.0),
	('119900001','PANTEN003',103,116.60000000000001,12009.800000000001),
	('119900001','PHILIP005',100,756.0,75600.0),
	('1110004','LAVAZZ001',101,350.0,35350.0),
	('1110004','PENGUI001',101,101.9949,10301.4849),
	('1110004','BAKERS001',104,413.9931,43055.282400000004),
	('119900002','WETNWI001',105,543.3199999999999,57048.59999999999),
	('119900002','PENGUI002',105,324.99350000000004,34124.317500000005),
	('119900002','DOVE00002',102,159.36,16254.720000000001),
	('811600001','TATATE003',103,100.8,10382.4),
	('811600001','MAMAEA002',104,269.9946,28079.4384),
	('811600001','STARBU002',104,125.0,13000.0),
	('813300001','MEO000001',101,132.49470000000002,13381.964700000002),
	('813300001','LAKME0009',101,227.5,22977.5),
	('813300001','CADBUR004',104,109.9945,11439.428),
	('811600002','REMING001',105,1386.0,145530.0),
	('811600002','YVESSA001',100,4392.0,439200.0),
	('811600002','PAMPER005',100,152.9949,15299.49),
	('991600001','TATATE003',100,124.2,12420.0),
	('991600001','MAMAEA002',100,344.9931,34499.310000000005),
	('991600001','STARBU002',105,162.5,17062.5),
	('993300001','RANDPU001',103,279.993,28839.279),
	('993300001','BRU000003',102,85.5,8721.0),
	('993300001','HEADSU003',101,216.9938,21916.373799999998),
	('991600002','INNISF001',102,165.0,16830.0),
	('991600002','LORALP003',100,347.42,34742.0),
	('991600002','PEDIGR001',102,216.9938,22133.367599999998),
	('524900001','HUGGIE001',104,159.99360000000001,16639.3344),
	('524900001','PEDIGR002',104,91.4939,9515.3656),
	('524900001','FRESHT004',105,419.99399999999997,44099.369999999995),
	('527500001','LOREAL002',103,684.0,70452.0),
	('527500001','PRASUM001',102,131.9934,13463.3268),
	('527500001','PENGUI004',102,334.9933,34169.3166),
	('524900002','HIMALA001',103,147.4941,15191.8923),
	('524900002','TIDYCA001',102,479.99399999999997,48959.388),
	('524900002','THEBOD001',103,140.0,14420.0),
	('844900001','HUGGIE001',105,157.4937,16536.838499999998),
	('844900001','PEDIGR002',100,91.4939,9149.39),
	('844900001','FRESHT004',100,426.9939,42699.39),
	('847500001','FACESC001',103,155.48000000000002,16014.440000000002),
	('847500001','HUGGIE003',102,213.4939,21776.3778),
	('847500001','MOMME0001',100,559.993,55999.3),
	('844900002','BEARDO001',105,243.9939,25619.3595),
	('844900002','CADBUR004',100,121.9939,12199.39),
	('844900002','LORALP003',105,371.38,38994.9),
	('268000001','KWALIT001',104,113.99430000000001,11855.407200000001),
	('268000001','LORALP0010',104,435.5,45292.0),
	('268000001','CADBUR006',104,149.6,15558.4),
	('264700001','THEBOD003',100,324.0,32400.0),
	('264700001','MAYBEL0010',101,254.49,25703.49),
	('264700001','HALDIR001',104,109.9945,11439.428),
	('268000002','LAZIZ0001',103,94.4937,9732.8511),
	('268000002','DOVE00002',102,171.81,17524.62),
	('268000002','HEADSU003',101,220.49370000000002,22269.8637),
	('558000001','KWALIT001',104,103.99480000000001,10815.459200000001),
	('558000001','LORALP0010',101,338.0,34138.0),
	('558000001','CADBUR006',103,145.2,14955.599999999999),
	('554700001','LAKME0011',102,227.5,23205.0),
	('554700001','LOREAL002',100,612.0,61200.0),
	('554700001','FREEPR001',104,263.9934,27455.3136),
	('558000002','REMING001',104,1144.0,118976.0),
	('558000002','NESTLE003',105,82.8,8694.0),
	('558000002','KAILAS001',104,199.995,20799.48),
	('451000001','PAMPER001',103,543.9932,56031.2996),
	('451000001','CAPTAI001',105,294.9941,30974.3805),
	('456700001','DABUR0001',105,93.0,9765.0),
	('456700001','TEMPTA001',104,69.993,7279.271999999999),
	('456700001','DOVE00003',102,163.2,16646.399999999998),
	('451000002','TROPIC001',102,91.4939,9332.3778),
	('451000002','LAKME0007',102,32.5,3315.0),
	('451000002','OLAY00001',103,780.0,80340.0),
	('271000001','PAMPER001',104,503.9937,52415.3448),
	('271000001','CAPTAI001',101,344.9931,34844.303100000005),
	('276700001','LIPTON004',102,129.8,13239.6),
	('276700001','MAYBEL0010',103,274.45,28268.35),
	('276700001','GERBER001',105,147.4941,15486.880500000001),
	('271000002','TETLEY001',104,138.0,14352.0),
	('271000002','BIOTIQ001',101,427.5,43177.5),
	('271000002','FRESHT003',101,153.99450000000002,15553.444500000001),
	('687800001','MAYBEL0010',100,289.42,28942.0),
	('687800001','MOMME0001',104,487.9939,50751.3656),
	('687800001','PHILIP004',103,1375.0,141625.0),
	('685500001','PANTEN002',101,97.2,9817.2),
	('685500001','LORALP011',104,375.0,39000.0),
	('685500001','PENGUI004',104,279.99440000000004,29119.417600000004),
	('687800002','PENGUI003',100,152.9949,15299.49),
	('687800002','LAZIZ0001',102,80.9946,8261.449200000001),
	('687800002','PENGUI002',103,304.9939,31414.3717),
	('577800001','MAYBEL0010',100,309.38,30938.0),
	('577800001','MOMME0001',103,559.993,57679.279),
	('577800001','PHILIP004',102,1425.0,145350.0),
	('575500001','MAMAEA002',103,289.9942,29869.402599999998),
	('575500001','CADBUR002',100,264.9947,26499.47),
	('575500001','LORALP003',105,311.48,32705.4),
	('577800002','WETNWI001',102,399.5,40749.0),
	('577800002','LAKME0011',103,227.5,23432.5),
	('577800002','BRU000004',104,109.8,11419.199999999999),
	('388400001','GODREJ001',100,102.5943,10259.43),
	('388400001','FRESHT004',100,349.995,34999.5),
	('388400001','PIGEON005',102,1059.9947000000002,108119.45940000002),
	('388300001','INDIAT001',104,161.9946,16847.4384),
	('388300001','BAKERS001',104,353.9941,36815.3864),
	('388300001','CAPTAI001',100,314.9937,31499.37),
	('388400002','PANTEN002',101,97.2,9817.2),
	('388400002','PENGUI003',105,182.9939,19214.3595),
	('388400002','PENGUI001',101,105.99470000000001,10705.4647),
	('118400001','GODREJ001',102,115.1936,11749.7472),
	('118400001','FRESHT004',104,461.99339999999995,48047.313599999994),
	('118400001','PIGEON005',105,1199.994,125999.37),
	('118300001','MAC000001',105,510.0,53550.0),
	('118300001','LORALP003',100,353.41,35341.0),
	('118300001','WETNWI001',102,399.5,40749.0),
	('118400002','CADBUR004',104,119.994,12479.376),
	('118400002','HARPER002',101,90.0,9090.0),
	('118400002','PHILIP004',102,1325.0,135150.0),
	('103000001','HIMALA001',100,152.4939,15249.39),
	('103000001','LICIOU002',100,206.99310000000003,20699.31),
	('103000001','MAPLEF001',105,121.59360000000001,12767.328000000001),
	('108900001','CRAFTS001',101,223.99360000000001,22623.353600000002),
	('108900001','FREEPR001',102,263.9934,26927.326800000003),
	('108900001','SOYPRO001',102,61.2,6242.400000000001),
	('103000002','HERSHE003',101,26.0,2626.0),
	('103000002','INNISF001',101,165.0,16665.0),
	('103000002','MAYBEL002',103,104.0,10712.0),
	('333000001','HIMALA001',105,149.994,15749.37),
	('333000001','LICIOU002',105,158.99470000000002,16694.4435),
	('333000001','MAPLEF001',101,123.49350000000001,12472.8435),
	('338900001','TATATE001',102,102.0,10404.0),
	('338900001','LORALP0010',103,409.5,42178.5),
	('338900001','MAMAEA002',104,339.9932,35359.2928),
	('333000002','LIPTON004',104,151.8,15787.2),
	('333000002','LAKME0011',101,231.0,23331.0),
	('333000002','PANTEN002',102,104.4,10648.800000000001);

-- 12. DeliveryAgents Table
INSERT INTO DeliveryAgents(DelAgentID, Name, Phone_No, Email, Rating, No_Deliveries, Earnings) VALUES 
	('3116889790', 'Anjali Patel', 9123456780, 'anjali.patel02@gmail.com', 5.0,0,0.0),
	('8511975987', 'Amit Gupta', 9876321450, 'amit.gupta05@gmail.com', 5.0,0,0.0),
	('3962041873', 'Neha Verma', 9876543298, 'neha.verma06@gmail.com', 5.0,0,0.0),
	('9748631771', 'Sunita Desai', 9321456798, 'sunita.desai12@gmail.com', 5.0,0,0.0),
	('9582280397', 'Karan Mehta', 9876543290, 'karan.mehta13@gmail.com', 5.0,0,0.0),
	('1153961437', 'Pooja Rao', 9123456712, 'pooja.rao14@gmail.com', 5.0,0,0.0),
	('1077879709', 'Maya Pillai', 9876543212, 'maya.pillai20@gmail.com', 5.0,0,0.0),
	('1129424214', 'Divya Joshi', 9876543214, 'divya.joshi26@gmail.com', 5.0,0,0.0),
	('9170105076', 'Kavita Nair', 9321456711, 'kavita.nair28@gmail.com', 5.0,0,0.0),
	('6031001797', 'Harsh Vardhan', 9876543128, 'harsh.vardhan39@gmail.com', 5.0,0,0.0),
	('1144339565', 'Ravi Kumar', 9876543210, 'ravi.kumar01@gmail.com', 5.0,0,69.0),
	('6647714641', 'Lakshmi Menon', 9876543245, 'lakshmi.menon16@gmail.com', 5.0,0,0.0),
	('8451905215', 'Shruti Ghosh', 9876234510, 'shruti.ghosh22@gmail.com', 5.0,0,0.0),
	('3724376900', 'Priya Sharma', 9321456789, 'priya.sharma04@gmail.com', 5.0,0,0.0),
	('9309359620', 'Siddharth Kumar', 9876234521, 'siddharth.kumar35@gmail.com', 5.0,0,0.0),
	('9993141145', 'Rakesh Agarwal', 9876321456, 'rakesh.agarwal17@gmail.com', 5.0,0,0.0),
	('3688399259', 'Tara Sharma', 9876453297, 'tara.sharma24@gmail.com', 5.0,0,0.0),
	('2482083288', 'Anand Kapoor', 9876453124, 'anand.kapoor21@gmail.com', 5.0,0,0.0),
	('3355519847', 'Ajay Bhatt', 9876543296, 'ajay.bhatt29@gmail.com', 5.0,0,0.0),
	('1122086235', 'Swati Nair', 9876342188, 'swati.nair40@gmail.com', 5.0,0,0.0),
	('5774810427', 'Nikhil Bhatia', 9876123498, 'nikhil.bhatia15@gmail.com', 5.0,0,0.0),
	('1833653486', 'Suresh Nair', 9876123456, 'suresh.nair03@gmail.com', 5.0,0,0.0),
	('1065882267', 'Meera Iyer', 9876543123, 'meera.iyer10@gmail.com', 5.0,0,0.0),
	('2280094169', 'Sneha Joshi', 9876342190, 'sneha.joshi08@gmail.com', 5.0,0,0.0),
	('5326349248', 'Vikram Rao', 9876234509, 'vikram.rao09@gmail.com', 5.0,0,0.0),
	('8667391587', 'Kunal Kapoor', 9876342150, 'kunal.kapoor31@gmail.com', 5.0,0,0.0),
	('5876602255', 'Rajesh Kulkarni', 9123456790, 'rajesh.kulkarni11@gmail.com', 5.0,0,0.0),
	('6289105221', 'Arjun Shetty', 9876234508, 'arjun.shetty27@gmail.com', 5.0,0,0.0),
	('4916363818', 'Asha Gupta', 9876321458, 'asha.gupta36@gmail.com', 5.0,0,0.0),
	('7730937145', 'Ritu Chopra', 9876123409, 'ritu.chopra30@gmail.com', 5.0,0,0.0),
	('1189737602', 'Anil Verma', 9876123453, 'anil.verma33@gmail.com', 5.0,0,0.0),
	('1051981251', 'Mohit Jain', 9876543293, 'mohit.jain37@gmail.com', 5.0,0,0.0),
	('2643289193', 'Shilpa Rao', 9876453289, 'shilpa.rao32@gmail.com', 5.0,0,0.0),
	('1820239714', 'Snehal Desai', 9321456720, 'snehal.desai38@gmail.com', 5.0,0,0.0),
	('9492306997', 'Shreya Singh', 9876453298, 'shreya.singh18@gmail.com', 5.0,0,0.0),
	('7958948643', 'Rohan Singh', 9876453210, 'rohan.singh07@gmail.com', 5.0,0,0.0),
	('2674577860', 'Rekha Menon', 9876543126, 'rekha.menon34@gmail.com', 5.0,0,0.0),
	('2181536232', 'Naveen Das', 9123456785, 'naveen.das25@gmail.com', 5.0,0,0.0),
	('3998167167', 'Prakash Singh', 9876342191, 'prakash.singh23@gmail.com', 5.0,0,0.0),
	('1155601948', 'Vivek Jain', 9876123459, 'vivek.jain19@gmail.com', 5.0,0,0.0);	

-- 13. Orders Table
INSERT INTO Orders(OrderID, AgentID, CustID, Discount, DeliveryFee, Notes, Amount, Method, TransactionID, OrderDate, Status,AddressId,Rating) VALUES 
	('KA2600001','2643289193','678b1dc92d',8.0,45.0,'Leave the package at the door.', 5399.93,'COD','TXN000001','2024-11-07 20:36:50','Delivered','KABL343260',4),
	('KA1100001','1155601948','678b1dc92d',17.0,52.0,'Call me when you arrive.', 11340.0,'UPI','TXN000002','2024-10-15 17:15:16','Delivered','KABL786694',4),
	('MH1100001','1144339565','2a19d6d0c3',13.0,84.0,'Dont ring the bell!', 7649.96,'Card','TXN000005','2024-11-05 01:25:01','Delivered','MHMB822854',5),
	('TG1100001','1155601948','3d3a7a8167',5.0,64.0,'Please pack fragile items carefully.', 17799.96,'UPI','TXN000007','2024-11-04 04:19:17','Delivered','TGHY722944',5),
	('GJ1800001','1833653486','7feb66e536',8.0,70.0,'Please pack fragile items carefully.', 6979.89,'UPI','TXN000010','2024-10-26 00:06:11','Delivered','GJSU452669',4),
	('GJ1800002','1820239714','7feb66e536',19.0,51.0,'Dont ring the bell!', 5399.93,'COD','TXN000011','2024-10-18 05:48:48','Delivered','GJSU462026',5),
	('GJ4900001','4916363818','7feb66e536',10.0,48.0,'No plastic bags, please use paper bags.', 1939.93,'UPI','TXN000012','2024-10-29 18:12:29','Delivered','GJSU452669',3),
	('GJ3900001','3962041873','30372f39eb',9.0,42.0,'Gift', 2019.97,'COD','TXN000015','2024-10-15 01:37:27','Delivered','GJAD840151',4),
	('GJ1100001','1189737602','ffd1cad733',13.0,70.0,'Dont ring the bell!', 3299.91,'COD','TXN000016','2024-11-08 23:54:16','Delivered','GJVD877021',4),
	('GJ7900001','7958948643','ffd1cad733',20.0,40.0,'Gift', 9299.89,'Card','TXN000017','2024-11-10 22:11:05','Delivered','GJVD877021',4),
	('DL9700001','9748631771','a5f8995311',5.0,53.0,'nan', 2749.95,'COD','TXN000020','2024-11-02 19:58:19','Delivered','DLDL428334',3),
	('RJ5700001','5774810427','a73b82427d',6.0,60.0,'Call me when you arrive.', 3699.94,'UPI','TXN000024','2024-11-13 15:22:35','Delivered','RJJD146753',3),
	('RJ9300001','9309359620','a0c7970754',19.0,88.0,'Please pack fragile items carefully.', 4493.94,'Card','TXN000027','2024-11-09 00:41:02','Delivered','RJJP900243',4),
	('CH1100001','1129424214','43bab83f53',15.0,44.0,'Leave the package at the door.', 1269.97,'Card','TXN000030','2024-10-24 22:50:47','Delivered','CHCH916391',3),
	('UP7700001','7730937145','9d5f0ae752',6.0,48.0,'Dont ring the bell!', 739.98,'Card','TXN000031','2024-10-22 00:27:25','Delivered','UPLK278938',4),
	('UP3300001','3355519847','9d5f0ae752',17.0,55.0,'Please pack fragile items carefully.', 5850.0,'COD','TXN000032','2024-11-13 14:16:57','Delivered','UPLK820720',3),
	('GA5700001','5774810427','10a3d8b006',12.0,55.0,'Call me when you arrive.', 2293.99,'UPI','TXN000035','2024-11-11 04:20:41','Delivered','GAGA92448',5),
	('KL3600001','3688399259','581be47d01',11.0,78.0,'Please pack fragile items carefully.', 5199.95,'UPI','TXN000037','2024-11-06 05:02:33','Delivered','KLEK910242',5),
	('RJ9400001','9492306997','8dc23eb0c3',16.0,65.0,'No plastic bags, please use paper bags.', 14493.95,'COD','TXN000045','2024-10-19 17:54:41','Delivered','RJJD558125',3),
	('RJ9900001','9993141145','5d37efd4de',14.0,100.0,'No plastic bags, please use paper bags.', 3759.95,'UPI','TXN000047','2024-10-26 02:50:25','Delivered','RJJP327943',3),
	('RJ7900001','7958948643','5d37efd4de',7.0,47.0,'No plastic bags, please use paper bags.', 3686.97,'Card','TXN000048','2024-10-17 03:37:54','Delivered','RJJP327943',5),
	('CH3900001','3962041873','5957381d81',5.0,82.0,'Call me when you arrive.', 8549.93,'COD','TXN000051','2024-10-26 18:46:53','Delivered','CHCH764087',4),
	('DL3100001','3116889790','4868688e35',16.0,69.0,'No plastic bags, please use paper bags.', 2949.91,'UPI','TXN000053','2024-10-21 14:43:16','Delivered','DLDL332392',4),
	('KA2400001','2482083288','01ba15562f',6.0,44.0,'Gift', 4709.96,'COD','TXN000055','2024-10-27 20:39:55','Delivered','KABL875177',4),
	('MH9700001','9748631771','60a9f1ff18',18.0,69.0,'nan', 2799.97,'UPI','TXN000058','2024-10-20 15:38:20','Delivered','MHMB504961',3),
	('MH1800001','1820239714','60a9f1ff18',5.0,73.0,'Please pack fragile items carefully.', 3496.0,'Card','TXN000060','2024-10-24 23:53:37','Delivered','MHMB504961',4),
	('KA1100002','1155601948','678b1dc92d',5.0,41.0,'No plastic bags, please use paper bags.', 1839.98,'COD','TXN000003','2024-11-05 22:10:34','Delivered','KABL343260',5),
	('MH2600001','2643289193','2a19d6d0c3',7.0,67.0,'nan', 1039.98,'UPI','TXN000004','2024-11-01 15:47:24','Delivered','MHMB68818',5),
	('MH5700001','5774810427','2a19d6d0c3',15.0,99.0,'Leave the package at the door.', 2050.0,'UPI','TXN000006','2024-11-01 22:13:27','Delivered','MHMB68818',3),
	('TG1000001','1051981251','3d3a7a8167',18.0,80.0,'Call me when you arrive.', 2199.94,'COD','TXN000008','2024-11-05 05:30:54','Delivered','TGHY725270',4),
	('TG1000002','1065882267','3d3a7a8167',13.0,90.0,'Call me when you arrive.', 1349.98,'UPI','TXN000009','2024-11-05 00:52:29','Delivered','TGHY725270',3),
	('GJ4900002','4916363818','30372f39eb',19.0,61.0,'Call me when you arrive.', 2479.96,'Card','TXN000013','2024-10-30 12:15:01','Delivered','GJAD35795',4),
	('GJ2400001','2482083288','30372f39eb',19.0,40.0,'Please pack fragile items carefully.', 1189.96,'Card','TXN000014','2024-10-31 10:01:28','Delivered','GJAD840151',4),
	('GJ1000001','1077879709','ffd1cad733',14.0,70.0,'nan', 2498.94,'Card','TXN000018','2024-10-27 06:34:59','Delivered','GJVD877021',4),
	('DL9700002','9748631771','a5f8995311',9.0,86.0,'Please pack fragile items carefully.', 1719.9,'UPI','TXN000019','2024-10-20 09:12:30','Delivered','DLDL569549',4),
	('DL3300001','3355519847','a5f8995311',18.0,47.0,'Please pack fragile items carefully.', 4249.95,'UPI','TXN000021','2024-10-20 00:24:47','Delivered','DLDL428334',4),
	('RJ5300001','5326349248','a73b82427d',18.0,47.0,'Please pack fragile items carefully.', 3029.98,'COD','TXN000022','2024-10-18 22:04:02','Delivered','RJJD582670',3),
	('RJ9100001','9170105076','a73b82427d',10.0,52.0,'Call me when you arrive.', 3393.96,'UPI','TXN000023','2024-11-13 06:30:30','Delivered','RJJD146753',3),
	('RJ2600001','2643289193','a0c7970754',11.0,63.0,'Leave the package at the door.', 699.0,'Card','TXN000025','2024-10-22 02:22:24','Delivered','RJJP675124',3),
	('RJ6000001','6031001797','a0c7970754',8.0,83.0,'nan', 3446.98,'Card','TXN000026','2024-11-09 07:17:22','Delivered','RJJP675124',4),
	('CH2100001','2181536232','43bab83f53',12.0,99.0,'Leave the package at the door.', 1919.97,'COD','TXN000028','2024-11-10 05:10:22','Delivered','CHCH916391',5),
	('CH9100001','9170105076','43bab83f53',16.0,43.0,'Leave the package at the door.', 37399.99,'COD','TXN000029','2024-11-12 20:15:34','Delivered','CHCH916391',5),
	('UP2600001','2674577860','9d5f0ae752',20.0,98.0,'nan', 3298.96,'UPI','TXN000033','2024-10-14 13:39:05','Delivered','UPLK820720',4),
	('GA3300001','3355519847','10a3d8b006',5.0,83.0,'Dont ring the bell!', 1799.98,'UPI','TXN000034','2024-11-09 03:59:50','Delivered','GAGA92448',3),
	('GA4900001','4916363818','10a3d8b006',12.0,48.0,'Call me when you arrive.', 7888.0,'Card','TXN000036','2024-10-14 08:19:13','Delivered','GAGA468499',3),
	('KL2200001','2280094169','581be47d01',18.0,94.0,'Call me when you arrive.', 10099.9,'Card','TXN000038','2024-10-30 06:00:26','Delivered','KLEK910242',4),
	('KL9900001','9993141145','581be47d01',16.0,94.0,'Gift', 2029.94,'COD','TXN000039','2024-10-16 22:33:04','Delivered','KLEK910242',4),
	('MH1000001','1077879709','6e50f77200',13.0,61.0,'Gift', 4795.94,'COD','TXN000040','2024-10-26 17:54:37','Delivered','MHPN726887',5),
	('MH5700002','5774810427','6e50f77200',15.0,47.0,'Please pack fragile items carefully.', 201274.91,'Card','TXN000041','2024-10-16 20:39:50','Delivered','MHPN831',4),
	('MH9300001','9309359620','6e50f77200',8.0,81.0,'Please pack fragile items carefully.', 5794.92,'Card','TXN000042','2024-11-11 02:52:28','Delivered','MHPN831',4),
	('RJ9100002','9170105076','8dc23eb0c3',5.0,65.0,'No plastic bags, please use paper bags.', 3599.94,'Card','TXN000043','2024-10-30 04:50:27','Delivered','RJJD558125',3),
	('RJ1000001','1077879709','8dc23eb0c3',14.0,93.0,'nan', 6649.99,'COD','TXN000044','2024-10-16 02:41:31','Delivered','RJJD456281',3),
	('RJ5800001','5876602255','5d37efd4de',5.0,96.0,'Leave the package at the door.', 1629.93,'UPI','TXN000046','2024-10-16 16:14:05','Delivered','RJJP769169',3),
	('CH1000001','1051981251','5957381d81',12.0,79.0,'Dont ring the bell!', 23019.94,'COD','TXN000049','2024-11-09 00:49:50','Delivered','CHCH764087',5),
	('CH2600001','2643289193','5957381d81',16.0,65.0,'Call me when you arrive.', 2649.89,'UPI','TXN000050','2024-11-09 06:35:54','Delivered','CHCH764087',5),
	('DL5700001','5774810427','4868688e35',12.0,80.0,'Dont ring the bell!', 4399.94,'Card','TXN000052','2024-11-11 12:22:29','Delivered','DLDL40753',3),
	('DL1800001','1833653486','4868688e35',14.0,81.0,'nan', 5689.93,'COD','TXN000054','2024-11-08 04:36:08','Delivered','DLDL40753',5),
	('KA9700001','9748631771','01ba15562f',14.0,54.0,'Dont ring the bell!', 3594.0,'UPI','TXN000056','2024-10-22 11:16:36','Delivered','KABL875177',4),
	('KA110003','1189737602','01ba15562f',12.0,97.0,'Call me when you arrive.', 4680.0,'COD','TXN000057','2024-10-27 22:00:02','Delivered','KABL521527',5),
	('MH2600002','2674577860','60a9f1ff18',12.0,63.0,'Gift', 4198.94,'Card','TXN000059','2024-11-11 00:02:01','Delivered','MHMB504961',5);

-- 14. OrderDetails Table
INSERT INTO OrderDetails(OrderID, ProdID, Quantity, Price) VALUES  
	('KA2600001', 'TIDYCA001', '5', '799.99'),
	('KA2600001', 'HARPER001', '2', '399.99'),
	('KA2600001', 'ELLE00002', '6', '100.0'),
	('KA1100001', 'PHILIP005', '3', '1200.0'),
	('KA1100001', 'LOREAL002', '6', '1200.0'),
	('KA1100001', 'LIPTON002', '3', '180.0'),
	('MH1100001', 'BRU000004', '3', '180.0'),
	('MH1100001', 'PEDIGR002', '2', '149.99'),
	('MH1100001', 'MAC000001', '1', '1000.0'),
	('TG1100001', 'TATATE003', '3', '180.0'),
	('TG1100001', 'RAMESH001', '1', '299.99'),
	('TG1100001', 'PETCAR003', '1', '199.99'),
	('GJ1800001', 'TATATE001', '3', '150.0'),
	('GJ1800001', 'BAKERS001', '4', '599.99'),
	('GJ1800001', 'OLAY00001', '4', '1200.0'),
	('GJ1800002', 'LAKME0007', '1', '50.0'),
	('GJ1800002', 'ELF000001', '4', '250.0'),
	('GJ1800002', 'PANTEN001', '4', '250.0'),
	('GJ4900001', 'REMING001', '5', '2200.0'),
	('GJ4900001', 'HARVAR001', '2', '2500.0'),
	('GJ4900001', 'FARRAR001', '4', '449.99'),
	('GJ3900001', 'PENGUI003', '2', '299.99'),
	('GJ3900001', 'RANDPU001', '1', '399.99'),
	('GJ3900001', 'KAILAS001', '3', '399.99'),
	('GJ1100001', 'BUSINE001', '1', '999.99'),
	('GJ1100001', 'LAZIZ0001', '1', '149.99'),
	('GJ1100001', 'MAYBEL002', '1', '200.0'),
	('GJ7900001', 'TEMPTA001', '5', '99.99'),
	('GJ7900001', 'PAMPER004', '6', '899.99'),
	('GJ7900001', 'PARACH002', '6', '180.0'),
	('DL9700001', 'LOREAL002', '2', '1200.0'),
	('DL9700001', 'PAMPER003', '5', '199.99'),
	('DL9700001', 'SAFETY001', '2', '999.99'),
	('RJ5700001', 'WHISKA002', '2', '119.99'),
	('RJ5700001', 'DABUR0001', '6', '150.0'),
	('RJ5700001', 'MARS00001', '5', '159.99'),
	('RJ9300001', 'NESTLE003', '4', '120.0'),
	('RJ9300001', 'NESTLE001', '1', '199.99'),
	('RJ9300001', 'BAKERS001', '3', '599.99'),
	('CH1100001', 'STARBU002', '1', '250.0'),
	('CH1100001', 'HUGGIE003', '2', '349.99'),
	('CH1100001', 'WHISKA002', '2', '119.99'),
	('UP7700001', 'DROOLS001', '2', '499.99'),
	('UP7700001', 'LICIOU002', '1', '299.99'),
	('UP7700001', 'PARACH002', '4', '180.0'),
	('UP3300001', 'BEARDO001', '6', '399.99'),
	('UP3300001', 'NESTLE008', '3', '150.0'),
	('UP3300001', 'CADBUR005', '3', '149.99'),
	('GA5700001', 'FERRER001', '1', '799.99'),
	('GA5700001', 'MAMYPO002', '4', '849.99'),
	('KL3600001', 'TETLEY001', '4', '200.0'),
	('KL3600001', 'GARNIE001', '1', '199.0'),
	('KL3600001', 'HUGGIE001', '6', '249.99'),
	('RJ9400001', 'NESTLE007', '4', '129.99'),
	('RJ9400001', 'GODREJ001', '6', '179.99'),
	('RJ9400001', 'HERSHE003', '3', '40.0'),
	('RJ9900001', 'PANTEN001', '4', '250.0'),
	('RJ9900001', 'TROPIC001', '5', '149.99'),
	('RJ9900001', 'LAVAZZ001', '2', '500.0'),
	('RJ7900001', 'HORLIC001', '2', '350.0'),
	('RJ7900001', 'CADBUR002', '5', '499.99'),
	('RJ7900001', 'LAKME00010', '3', '350.0'),
	('CH3900001', 'INNISF001', '5', '250.0'),
	('CH3900001', 'FISHBA001', '2', '799.99'),
	('CH3900001', 'BAMBIN001', '6', '30.0'),
	('DL3100001', 'PRASUM001', '4', '199.99'),
	('DL3100001', 'THEBOD001', '1', '200.0'),
	('DL3100001', 'MAYBEL012', '6', '399.0'),
	('KA2400001', 'INDIAT001', '6', '299.99'),
	('KA2400001', 'LAKME0003', '2', '350.0'),
	('KA2400001', 'INDIAN001', '4', '300.0'),
	('MH9700001', 'GARNIE001', '1', '199.0'),
	('MH9700001', 'ORGANI002', '1', '200.0'),
	('MH9700001', 'DABUR0001', '2', '150.0'),
	('MH1800001', 'LAKME0003', '3', '350.0'),
	('MH1800001', 'NAIR00001', '3', '199.0'),
	('MH1800001', 'PAMPER004', '2', '899.99'),
	('KA1100002', 'NESTLE003', '5', '120.0'),
	('KA1100002', 'DOVE00002', '6', '249.0'),
	('KA1100002', 'FREEPR001', '6', '399.99'),
	('MH2600001', 'PEDIGR001', '2', '349.99'),
	('MH2600001', 'DOVE00003', '3', '240.0'),
	('MH2600001', 'MAMAEA002', '1', '499.99'),
	('MH5700001', 'CADBUR004', '1', '199.99'),
	('MH5700001', 'YVESSA001', '5', '7200.0'),
	('MH5700001', 'THEBOD003', '2', '600.0'),
	('TG1000001', 'GODREJ002', '5', '90.0'),
	('TG1000001', 'LIPTON004', '1', '220.0'),
	('TG1000001', 'HALDIR001', '3', '199.99'),
	('TG1000002', 'CRAFTS001', '1', '349.99'),
	('TG1000002', 'PIGEON002', '1', '349.99'),
	('TG1000002', 'CATCH0001', '1', '40.0'),
	('GJ4900002', 'PANTEN002', '5', '180.0'),
	('GJ4900002', 'LAKME0006', '3', '750.0'),
	('GJ4900002', 'LAKME0004', '6', '450.0'),
	('GJ2400001', 'HERBAL001', '1', '699.0'),
	('GJ2400001', 'BABYGA001', '4', '299.99'),
	('GJ2400001', 'LAKME0011', '4', '350.0'),
	('GJ1000001', 'MCGRAW001', '1', '349.99'),
	('GJ1000001', 'LAKME0009', '3', '350.0'),
	('GJ1000001', 'FREEPR001', '1', '399.99'),
	('DL9700002', 'NAIR00001', '6', '199.0'),
	('DL9700002', 'HEADSU003', '1', '349.99'),
	('DL9700002', 'BRU000003', '5', '150.0'),
	('DL3300001', 'SUGARC001', '2', '299.0'),
	('DL3300001', 'BAMBIN001', '3', '30.0'),
	('DL3300001', 'YVESSA001', '1', '7200.0'),
	('RJ5300001', 'LORALP011', '5', '750.0'),
	('RJ5300001', 'MCGRAW001', '3', '349.99'),
	('RJ5300001', 'NESTLE001', '2', '199.99'),
	('RJ9100001', 'MAMYPO002', '6', '849.99'),
	('RJ9100001', 'LORALP002', '2', '500.0'),
	('RJ9100001', 'BUSINE001', '4', '999.99'),
	('RJ2600001', 'PAMPER002', '5', '299.99'),
	('RJ2600001', 'STARBU002', '1', '250.0'),
	('RJ2600001', 'FRESHT003', '1', '279.99'),
	('RJ6000001', 'PENGUI002', '6', '499.99'),
	('RJ6000001', 'DABUR0001', '4', '150.0'),
	('RJ6000001', 'FACESC001', '4', '299.0'),
	('CH2100001', 'AMUL00001', '4', '69.99'),
	('CH2100001', 'DYSON0001', '5', '39999.0'),
	('CH2100001', 'PENGUI001', '5', '199.99'),
	('CH9100001', 'ZAPPFR003', '3', '599.99'),
	('CH9100001', 'PAMPER005', '5', '299.99'),
	('CH9100001', 'THEBOD004', '5', '499.0'),
	('UP2600001', 'PAMPER001', '1', '799.99'),
	('UP2600001', 'CAPTAI001', '4', '499.99'),
	('GA3300001', 'LORALP0010', '6', '650.0'),
	('GA3300001', 'LORALP002', '4', '500.0'),
	('GA3300001', 'HUGGIE002', '1', '749.99'),
	('GA4900001', 'PHILIP004', '3', '2500.0'),
	('GA4900001', 'MAYBEL0010', '6', '499.0'),
	('GA4900001', 'MOMME0001', '5', '799.99'),
	('KL2200001', 'HIMALA005', '4', '249.99'),
	('KL2200001', 'TROPIC001', '3', '149.99'),
	('KL2200001', 'SOYPRO001', '2', '90.0'),
	('KL9900001', 'GODREJ001', '2', '179.99'),
	('KL9900001', 'FRESHT004', '2', '699.99'),
	('KL9900001', 'PIGEON005', '1', '1999.99'),
	('MH1000001', 'GERBER001', '3', '249.99'),
	('MH1000001', 'SOYPRO001', '6', '90.0'),
	('MH1000001', 'TRESEM002', '3', '799.0'),
	('MH5700002', 'OLAPLE001', '5', '3500.0'),
	('MH5700002', 'LIPTON002', '4', '180.0'),
	('MH5700002', 'TIDYCA001', '6', '799.99'),
	('MH9300001', 'LICIOU002', '4', '299.99'),
	('MH9300001', 'MAPLEF001', '5', '189.99'),
	('MH9300001', 'HIMALA001', '2', '249.99'),
	('RJ9100002', 'KAILAS001', '2', '399.99'),
	('RJ9100002', 'OLAY00001', '5', '1200.0'),
	('RJ9100002', 'PIGEON002', '5', '349.99'),
	('RJ1000001', 'STARBU002', '2', '250.0'),
	('RJ1000001', 'TATATE003', '5', '180.0'),
	('RJ1000001', 'MAMAEA002', '6', '499.99'),
	('RJ5800001', 'HUGGIE001', '5', '249.99'),
	('RJ5800001', 'FRESHT004', '2', '699.99'),
	('RJ5800001', 'PEDIGR002', '2', '149.99'),
	('CH1000001', 'BRU000004', '3', '180.0'),
	('CH1000001', 'PHILIP002', '6', '799.99'),
	('CH1000001', 'PIGEON002', '1', '349.99'),
	('CH2600001', 'LORALP0010', '5', '650.0'),
	('CH2600001', 'CADBUR006', '3', '220.0'),
	('CH2600001', 'KWALIT001', '4', '199.99'),
	('DL5700001', 'MAYBEL006', '5', '499.0'),
	('DL5700001', 'HARPER002', '2', '150.0'),
	('DL5700001', 'TRESEM002', '1', '799.0'),
	('DL1800001', 'TETLEY001', '1', '200.0'),
	('DL1800001', 'PHILIP005', '3', '1200.0'),
	('DL1800001', 'PANTEN003', '4', '220.0'),
	('KA9700001', 'BIOTIQ001', '3', '750.0'),
	('KA9700001', 'MEO000001', '1', '249.99'),
	('KA9700001', 'NANDIN001', '2', '149.99'),
	('KA110003', 'PENGUI004', '2', '499.99'),
	('KA110003', 'WETNWI001', '1', '799.0'),
	('KA110003', 'BAKERS001', '4', '599.99'),
	('MH2600002', 'LORALP003', '4', '599.0'),
	('MH2600002', 'NINARI001', '1', '800.0'),
	('MH2600002', 'TATATE004', '2', '150.0');
		
-- 15. HelpAgents Table
INSERT INTO HelpAgents(HelpAgentID, Name, Phone_No, Email, Rating, Earnings) VALUES 
	('1053135956', 'Aditi Sharma', 9123456781, 'aditi.sharma@gmail.com', 5.0,0.0),
	('3502766890', 'Manish Tiwari', 9876543211, 'manish.tiwari@gmail.com', 5.0,0.0),
	('1124987276', 'Priya Kapoor', 9876123452, 'priya.kapoor@gmail.com', 5.0,0.0),
	('3393493876', 'Ravi Nair', 9321456782, 'ravi.nair@gmail.com', 5.0,0.0),
	('9137853796', 'Deepa Rao', 9876321451, 'deepa.rao@gmail.com', 5.0,0.0),
	('8631028306', 'Sanjay Verma', 9876543292, 'sanjay.verma@gmail.com', 5.0,0.0),
	('6095246231', 'Arjun Menon', 9876453211, 'arjun.menon@gmail.com', 5.0,0.0),
	('1031352806', 'Sneha Iyer', 9876342191, 'sneha.iyer@gmail.com', 5.0,0.0),
	('1075267685', 'Rahul Patel', 9876234501, 'rahul.patel@gmail.com', 5.0,0.0),
	('4315584972', 'Kavya Desai', 9876543121, 'kavya.desai@gmail.com', 5.0,0.0),
	('1322747234', 'Nisha Jain', 9876123493, 'nisha.jain@gmail.com', 5.0,0.0),
	('6939878632', 'Rohit Bhatia', 9876543213, 'rohit.bhatia@gmail.com', 5.0,0.0);											
	
-- 16. Complaints Table
INSERT INTO Complaints(TicketNo,OrderID,Type,HelpAgentID,CustID, Refund, Description,Rating) VALUES   
	('UP710','UP7700001','Complaint','1053135956','30372f39eb',True,'Item not as described.',5),
	('GJ335','GJ3900001','Inquiry','3502766890','3d3a7a8167',False,'Delay in delivery.',3),
	('MH511','MH5700001','Complaint','1124987276','43bab83f53',True,'Item damaged on arrival.',4),
	('GJ133','GJ1000001','Complaint','3393493876','10a3d8b006',False,'Incorrect item received.',4),
	('RJ991','RJ9300001','Complaint','9137853796','30372f39eb',True,'Item not delivered.',4),
	('RJ686','RJ6000001','Inquiry','8631028306','6e50f77200',False,'Difficulty with tracking order.',5),
	('CH360','CH3900001','Complaint','6095246231','a73b82427d',True,'Received a defective product.',3),
	('GA510','GA5700001','Inquiry','1031352806','ffd1cad733',False,'Issue with payment process.',3),
	('MH510','MH5700002','Complaint','1075267685','5957381d81',True,'Received a defective product.',5),
	('TG143','TG1000002','Complaint','4315584972','9d5f0ae752',False,'Received partial order.',5);

-- 17. Cart Table
INSERT INTO Cart(CartID, CustID, No_Products, Total) VALUES   
	('72871057', '4868688e35', 14, 2849.91),
	('72946438', '01ba15562f', 12, 2509.94),
	('72918086', '60a9f1ff18', 5, 7899.98),
	('72991467', '678b1dc92d', 16, 32149.95),
	('72975361', '2a19d6d0c3', 6, 2946.98),
	('72958865', '3d3a7a8167', 12, 7599.95),
	('72900935', '7feb66e536', 11, 3529.92),
	('72920103', '30372f39eb', 13, 3089.93),
	('72952635', 'ffd1cad733', 11, 8350.0),
	('72963434', 'a5f8995311', 8, 3499.98),
	('72963610', 'a73b82427d', 9, 3546.95),
	('72996493', 'a0c7970754', 7, 2449.94),
	('72954355', '43bab83f53', 13, 2633.97),
	('72943363', '9d5f0ae752', 8, 9499.94),
	('72941672', '10a3d8b006', 11, 1469.94),
	('72946139', '581be47d01', 7, 5299.95),
	('72987460', '6e50f77200', 13, 37196.94),
	('72999415', '8dc23eb0c3', 10, 4849.93),
	('72923660', '5d37efd4de', 14, 2719.97),
	('72961239', '5957381d81', 8, 1429.93);

-- 18. CartDetails Table 
INSERT INTO CartDetails(CartID, ProdId, Quantity, Sub_Total) VALUES   
	('72871057', 'SCOOPF001', 5, 29999.95),
	('72871057', 'ELF000001', 5, 1250.0),
	('72871057', 'BRU000003', 6, 900.0),
	('72946438', 'LAKME0006', 1, 750.0),
	('72946438', 'PEDIAS001', 2, 999.98),
	('72946438', 'MAYBEL003', 3, 1197.0),
	('72918086', 'BASKIN001', 4, 1400.0),
	('72918086', 'CLINIQ002', 3, 5700.0),
	('72918086', 'MAPLEF002', 5, 499.95),
	('72991467', 'HIMALA002', 2, 799.98),
	('72991467', 'FRESHT003', 6, 1679.94),
	('72991467', 'LAKME0011', 3, 1050.0),
	('72975361', 'CADBUR007', 6, 1500.0),
	('72975361', 'NESTLE007', 3, 389.97),
	('72975361', 'WARNER001', 4, 1199.96),
	('72958865', 'LOREAL002', 6, 7200.0),
	('72958865', 'BAJAJ0001', 4, 800.0),
	('72958865', 'LAKME0005', 1, 350.0),
	('72900935', 'LAVAZZ001', 6, 3000.0),
	('72900935', 'HEADSU001', 1, 299.99),
	('72900935', 'PAWSIN004', 1, 199.99),
	('72920103', 'CLINIQ001', 1, 1200.0),
	('72920103', 'COMPLA002', 5, 1749.95),
	('72920103', 'GARNIE001', 3, 597.0),
	('72952635', 'O00000001', 1, 1500.0),
	('72952635', 'HIMALA006', 5, 849.95),
	('72952635', 'TEMPTA001', 1, 99.99),
	('72963434', 'FRESHT003', 3, 839.97),
	('72963434', 'NIVEA0002', 4, 600.0),
	('72963434', 'NAIR00001', 6, 1194.0),
	('72963610', 'TATATE001', 2, 300.0),
	('72963610', 'PIGEON005', 4, 7999.96),
	('72963610', 'ZAPPFR003', 2, 1199.98),
	('72996493', 'NESTLE007', 6, 779.94),
	('72996493', 'ALMOND002', 2, 240.0),
	('72996493', 'NIVEA0002', 3, 450.0),
	('72954355', 'CADBUR003', 2, 300.0),
	('72954355', 'PIGEON005', 1, 1999.99),
	('72954355', 'HUGGIE002', 4, 2999.96),
	('72943363', 'HARPER002', 4, 600.0),
	('72943363', 'SCOOPF001', 6, 35999.94),
	('72943363', 'GARNIE001', 3, 597.0),
	('72941672', 'BEARDO001', 5, 1999.95),
	('72941672', 'LORALP011', 3, 2250.0),
	('72941672', 'WARNER001', 2, 599.98),
	('72946139', 'NIVEA0001', 5, 1250.0),
	('72946139', 'SIMONS001', 3, 749.97),
	('72946139', 'ORGANI001', 6, 720.0),
	('72987460', 'WHISKA004', 6, 779.94),
	('72987460', 'CHICCO001', 1, 399.99),
	('72987460', 'LONDON001', 1, 250.0),
	('72999415', 'COMPLA001', 6, 1799.94),
	('72999415', 'CHOCOB001', 3, 449.97),
	('72999415', 'NESTLE0010', 5, 600.0),
	('72923660', 'PANTEN001', 5, 1250.0),
	('72923660', 'MAPLEF001', 6, 1139.94),
	('72923660', 'ASTRA0001', 1, 120.0),
	('72961239', 'CLINIQ002', 1, 1900.0),
	('72961239', 'DROOLS001', 2, 999.98),
	('72961239', 'MOROCC001', 2, 5000.0);

-- 19. RefundDetails Table
INSERT INTO RefundDetails (RefundID, Amount, TransactionID, TicketNo, Date) VALUES  
	('REF0000001',2019.97,'TID001','UP710','2024-10-17 01:38:00'),
	('REF0000002',37399.99,'TID002','MH511','2024-11-15 20:15:34'),
	('REF0000003',2479.96,'TID003','RJ991','2024-11-01 12:15:01'),
	('REF0000004',3029.98,'TID004','CH360','2024-10-18 22:10:02'),
	('REF0000005',23019.94,'TID005','MH510','2024-11-12 00:49:50');
